{"imageMessage":{"url":"https://mmg.whatsapp.net/o1/v/t24/f2/m237/AQMJW2KbFmuqzPmdUv0EMVMtwD7ZsAQ1E5tlWug0cxgGI0W43kN5oqi154K-LsXPa_IPfc71hmg1vZsSwB0ey1NQqpBjEpNdXipun6FtBw?ccb=9-4&oh=01_Q5Aa3AGZK7U5WZopJBd0WoBaXHlit8_I1i7GF4YIsGPrNYlDcQ&oe=69524005&_nc_sid=e6ed6c&mms3=true","mimetype":"image/jpeg","fileSha256":"5i83Xt/R/+R7aheS7XeHcjzlLt3CDKYuE2vfCKDCad8=","fileLength":"152151","mediaKey":"835GIyUoSmiTavCirKDfoi2OCBdMv8Zo6Q8svbWXBAo=","fileEncSha256":"zBcMnzlUTHoIhEOK5oJp0YzzqsjXAnjrkclgFVMbGlo=","directPath":"/o1/v/t24/f2/m237/AQMJW2KbFmuqzPmdUv0EMVMtwD7ZsAQ1E5tlWug0cxgGI0W43kN5oqi154K-LsXPa_IPfc71hmg1vZsSwB0ey1NQqpBjEpNdXipun6FtBw?ccb=9-4&oh=01_Q5Aa3AGZK7U5WZopJBd0WoBaXHlit8_I1i7GF4YIsGPrNYlDcQ&oe=69524005&_nc_sid=e6ed6c","mediaKeyTimestamp":"1764415370","annotations":[{"polygonVertices":[{"x":60.71664810180664,"y":-36.39784622192383},{"x":-16.710189819335938,"y":49.263675689697266},{"x":-56.585853576660156,"y":37.85963439941406},{"x":20.840980529785156,"y":-47.80188751220703}],"newsletter":{"newsletterJid":"120363420249672073@newsletter","serverMessageId":0,"newsletterName":"kyuu ilysm","contentType":"UPDATE"}}]}}