{"15489195889@s.whatsapp.net":{"registered":true,"age":17,"balance":5000},"120363323875951247@newsletter":{"registered":false,"age":0,"balance":0},"6288292242645@s.whatsapp.net":{"registered":true,"age":17,"balance":0},"6282118514157@s.whatsapp.net":{"registered":false,"age":0,"balance":0},"120363328041693515@newsletter":{"registered":false,"age":0,"balance":0},"120363283147754570@newsletter":{"registered":false,"age":0,"balance":0},"6285811212139@s.whatsapp.net":{"registered":false,"age":0,"balance":0},"62882008575627@s.whatsapp.net":{"registered":false,"age":0,"balance":0},"120363388323029898@newsletter":{"registered":false,"age":0,"balance":0},"6285183178014@s.whatsapp.net":{"registered":false,"age":0,"balance":0},"62895326689076@s.whatsapp.net":{"registered":false,"age":0,"balance":0},"6283191863452@s.whatsapp.net":{"registered":false,"age":0,"balance":0},"6282332938937@s.whatsapp.net":{"registered":false,"age":0,"balance":0},"120363422877674704@newsletter":{"registered":false,"age":0,"balance":0},"120363179338803234@newsletter":{"registered":false,"age":0,"balance":0},"6288976489328@s.whatsapp.net":{"registered":false,"age":0,"balance":0},"120363422412150399@newsletter":{"registered":false,"age":0,"balance":0},"62881012277823@s.whatsapp.net":{"registered":false,"age":0,"balance":0},"6285788584446@s.whatsapp.net":{"registered":false,"age":0,"balance":0},"62881024546430@s.whatsapp.net":{"registered":false,"age":0,"balance":0},"6285810684262@s.whatsapp.net":{"registered":false,"age":0,"balance":0},"120363369533451810@newsletter":{"registered":false,"age":0,"balance":0},"6283823023776@s.whatsapp.net":{"registered":false,"age":0,"balance":0},"6285371345765@s.whatsapp.net":{"registered":false,"age":0,"balance":0},"6283172577594@s.whatsapp.net":{"registered":false,"age":0,"balance":0},"6283170950872@s.whatsapp.net":{"registered":false,"age":0,"balance":0},"6282272878048@s.whatsapp.net":{"registered":false,"age":0,"balance":0},"6285122460525@s.whatsapp.net":{"registered":false,"age":0,"balance":0},"6285755495216@s.whatsapp.net":{"registered":false,"age":0,"balance":0},"6287831480144@s.whatsapp.net":{"registered":false,"age":0,"balance":0},"120363421275100945@newsletter":{"registered":false,"age":0,"balance":0},"6283145900039@s.whatsapp.net":{"registered":false,"age":0,"balance":0},"62895351876283@s.whatsapp.net":{"registered":false,"age":0,"balance":0},"6285736486023@s.whatsapp.net":{"registered":true,"age":30,"balance":0},"120363422987214321@newsletter":{"registered":false,"age":0,"balance":0},"120363424201870255@newsletter":{"registered":false,"age":0,"balance":0},"120363417721042596@newsletter":{"registered":false,"age":0,"balance":0},"120363297258711626@newsletter":{"registered":false,"age":0,"balance":0},"120363302057251316@newsletter":{"registered":false,"age":0,"balance":0},"120363294087572918@newsletter":{"registered":false,"age":0,"balance":0},"120363248350892586@newsletter":{"registered":false,"age":0,"balance":0},"6283151764766@s.whatsapp.net":{"registered":false,"age":0,"balance":0},"120363420086165212@newsletter":{"registered":false,"age":0,"balance":0},"6282221739619@s.whatsapp.net":{"registered":false,"age":0,"balance":0},"6285854379584@s.whatsapp.net":{"registered":false,"age":0,"balance":0},"6285730503165@s.whatsapp.net":{"registered":true,"age":20,"balance":0},"6285745553064@s.whatsapp.net":{"registered":true,"age":30,"balance":0},"120363294496885116@newsletter":{"registered":false,"age":0,"balance":0},"6285733812823@s.whatsapp.net":{"registered":false,"age":0,"balance":0},"6285126478176@s.whatsapp.net":{"registered":false,"age":0,"balance":0},"120363400297473298@newsletter":{"registered":false,"age":0,"balance":0},"6283834070754@s.whatsapp.net":{"registered":false,"age":0,"balance":0},"6281287186076@s.whatsapp.net":{"registered":false,"age":0,"balance":0},"6285189885167@s.whatsapp.net":{"registered":false,"age":0,"balance":0},"6281231415614@s.whatsapp.net":{"registered":true,"age":30,"balance":0},"120363396397555599@newsletter":{"registered":false,"age":0,"balance":0},"6288980056534@s.whatsapp.net":{"registered":false,"age":0,"balance":0},"6282179643616@s.whatsapp.net":{"registered":true,"age":20,"balance":0},"6283126470823@s.whatsapp.net":{"registered":false,"age":0,"balance":0},"120363422009255858@newsletter":{"registered":false,"age":0,"balance":0},"6283876307185@s.whatsapp.net":{"registered":false,"age":0,"balance":0},"6288987126632@s.whatsapp.net":{"registered":false,"age":0,"balance":0},"6289525979752@s.whatsapp.net":{"registered":false,"age":0,"balance":0},"6285709494844@s.whatsapp.net":{"registered":false,"age":0,"balance":0},"120363404203083567@newsletter":{"registered":false,"age":0,"balance":0},"6285655552146@s.whatsapp.net":{"registered":false,"age":0,"balance":0},"6285743318272@s.whatsapp.net":{"registered":false,"age":0,"balance":0},"120363403915496542@newsletter":{"registered":false,"age":0,"balance":0},"6285355608857@s.whatsapp.net":{"registered":false,"age":0,"balance":0},"628972143093@s.whatsapp.net":{"registered":false,"age":0,"balance":0},"6285180755895@s.whatsapp.net":{"registered":false,"age":0,"balance":0},"6283138522139@s.whatsapp.net":{"registered":false,"age":0,"balance":0},"62882003987309@s.whatsapp.net":{"registered":false,"age":0,"balance":0},"120363421366320253@newsletter":{"registered":false,"age":0,"balance":0},"6281216407543@s.whatsapp.net":{"registered":false,"age":0,"balance":0},"120363420712876809@newsletter":{"registered":false,"age":0,"balance":0},"628156745064@s.whatsapp.net":{"registered":false,"age":0,"balance":0},"6288994532439@s.whatsapp.net":{"registered":false,"age":0,"balance":0},"6283140623887@s.whatsapp.net":{"registered":false,"age":0,"balance":0},"6285211056165@s.whatsapp.net":{"registered":false,"age":0,"balance":0},"6283827022731@s.whatsapp.net":{"registered":false,"age":0,"balance":0},"6281374000763@s.whatsapp.net":{"registered":false,"age":0,"balance":0},"6289528076143@s.whatsapp.net":{"registered":false,"age":0,"balance":0},"628978867512@s.whatsapp.net":{"registered":false,"age":0,"balance":0},"6287727078543@s.whatsapp.net":{"registered":false,"age":0,"balance":0},"62882006804706@s.whatsapp.net":{"registered":false,"age":0,"balance":0},"6283815953049@s.whatsapp.net":{"registered":false,"age":0,"balance":0},"628979728364@s.whatsapp.net":{"registered":false,"age":0,"balance":0},"6282352316811@s.whatsapp.net":{"registered":false,"age":0,"balance":0},"6282323471215@s.whatsapp.net":{"registered":false,"age":0,"balance":0},"6289611096978@s.whatsapp.net":{"registered":false,"age":0,"balance":0},"62881012098901@s.whatsapp.net":{"registered":false,"age":0,"balance":0},"6281373854874@s.whatsapp.net":{"registered":false,"age":0,"balance":0},"6285764679403@s.whatsapp.net":{"registered":false,"age":0,"balance":0},"120363423758386098@newsletter":{"registered":false,"age":0,"balance":0},"6285758670205@s.whatsapp.net":{"registered":false,"age":0,"balance":0},"6285877742669@s.whatsapp.net":{"registered":false,"age":0,"balance":0},"190671348576278@lid":{"registered":false,"age":0,"balance":0},"6285711749168@s.whatsapp.net":{"registered":false,"age":0,"balance":0},"120363301958926227@newsletter":{"registered":false,"age":0,"balance":0},"22256688341160@lid":{"registered":false,"age":0,"balance":0},"6287896928025@s.whatsapp.net":{"registered":false,"age":0,"balance":0},"6285119935965@s.whatsapp.net":{"registered":false,"age":0,"balance":0},"6285602235341@s.whatsapp.net":{"registered":false,"age":0,"balance":0},"120363405875837650@newsletter":{"registered":false,"age":0,"balance":0},"120363422054951473@newsletter":{"registered":false,"age":0,"balance":0},"6283890706278@s.whatsapp.net":{"registered":false,"age":0,"balance":0},"6287788488932@s.whatsapp.net":{"registered":false,"age":0,"balance":0},"6285124271621@s.whatsapp.net":{"registered":true,"age":25,"balance":0},"6282148269190@s.whatsapp.net":{"registered":false,"age":0,"balance":0},"6288277306393@s.whatsapp.net":{"registered":false,"age":0,"balance":0},"628889021635@s.whatsapp.net":{"registered":false,"age":0,"balance":0},"77751225961@s.whatsapp.net":{"registered":false,"age":0,"balance":0},"6285199606837@s.whatsapp.net":{"registered":false,"age":0,"balance":0},"120363422000689291@newsletter":{"registered":false,"age":0,"balance":0},"6282259800412@s.whatsapp.net":{"registered":false,"age":0,"balance":0},"6283187041934@s.whatsapp.net":{"registered":false,"age":0,"balance":0},"628971242204@s.whatsapp.net":{"registered":false,"age":0,"balance":0},"120363401928741606@newsletter":{"registered":false,"age":0,"balance":0},"6289526617314@s.whatsapp.net":{"registered":true,"age":20,"balance":0},"6282322181386@s.whatsapp.net":{"registered":false,"age":0,"balance":0},"120363401471884481@newsletter":{"registered":false,"age":0,"balance":0},"6283825721828@s.whatsapp.net":{"registered":false,"age":0,"balance":0},"120363401773209127@newsletter":{"registered":false,"age":0,"balance":0},"6285122077119@s.whatsapp.net":{"registered":false,"age":0,"balance":0},"62857454316623@s.whatsapp.net":{"registered":false,"age":0,"balance":0},"6285726805503@s.whatsapp.net":{"registered":false,"age":0,"balance":0},"6285656082227@s.whatsapp.net":{"registered":false,"age":0,"balance":0},"628892882026@s.whatsapp.net":{"registered":false,"age":0,"balance":0},"120363419220421271@newsletter":{"registered":false,"age":0,"balance":0},"120363402298163352@newsletter":{"registered":false,"age":0,"balance":0},"120363423131953690@newsletter":{"registered":false,"age":0,"balance":0},"6281959544651@s.whatsapp.net":{"registered":false,"age":0,"balance":0},"120363420777313669@newsletter":{"registered":false,"age":0,"balance":0},"6285726808039@s.whatsapp.net":{"registered":false,"age":0,"balance":0},"6281262707136@s.whatsapp.net":{"registered":false,"age":0,"balance":0},"6281521770180@s.whatsapp.net":{"registered":false,"age":0,"balance":0},"6287785400622@s.whatsapp.net":{"registered":false,"age":0,"balance":0},"6285739115205@s.whatsapp.net":{"registered":true,"age":20,"balance":0},"6285182074755@s.whatsapp.net":{"registered":false,"age":0,"balance":0},"62895402266409@s.whatsapp.net":{"registered":false,"age":0,"balance":0},"6283148905781@s.whatsapp.net":{"registered":false,"age":0,"balance":0},"639974416805@s.whatsapp.net":{"registered":false,"age":0,"balance":0},"6285169920645@s.whatsapp.net":{"registered":false,"age":0,"balance":0},"6288268372693@s.whatsapp.net":{"registered":false,"age":0,"balance":0},"601155813442@s.whatsapp.net":{"registered":false,"age":0,"balance":0},"6289519670229@s.whatsapp.net":{"registered":false,"age":0,"balance":0},"60143889421@s.whatsapp.net":{"registered":false,"age":0,"balance":0},"6289670132069@s.whatsapp.net":{"registered":false,"age":0,"balance":0},"6285642343592@s.whatsapp.net":{"registered":false,"age":0,"balance":0},"62895602831050@s.whatsapp.net":{"registered":false,"age":0,"balance":0},"628117691014@s.whatsapp.net":{"registered":false,"age":0,"balance":0},"6282139409940@s.whatsapp.net":{"registered":false,"age":0,"balance":0},"60108972804@s.whatsapp.net":{"registered":false,"age":0,"balance":0},"6282111086302@s.whatsapp.net":{"registered":false,"age":0,"balance":0},"6285716796728@s.whatsapp.net":{"registered":false,"age":0,"balance":0},"6281934445557@s.whatsapp.net":{"registered":false,"age":0,"balance":0},"6288215344108@s.whatsapp.net":{"registered":false,"age":0,"balance":0},"6283193909298@s.whatsapp.net":{"registered":false,"age":0,"balance":0},"6285778103903@s.whatsapp.net":{"registered":false,"age":0,"balance":0},"6283898346763@s.whatsapp.net":{"registered":false,"age":0,"balance":0},"6283832250525@s.whatsapp.net":{"registered":false,"age":0,"balance":0},"6281774154118@s.whatsapp.net":{"registered":false,"age":0,"balance":0},"6289526405816@s.whatsapp.net":{"registered":false,"age":0,"balance":0},"6289528488382@s.whatsapp.net":{"registered":false,"age":0,"balance":0},"6283161620715@s.whatsapp.net":{"registered":false,"age":0,"balance":0},"6287778437061@s.whatsapp.net":{"registered":false,"age":0,"balance":0},"628984309110@s.whatsapp.net":{"registered":false,"age":0,"balance":0},"62895426945134@s.whatsapp.net":{"registered":false,"age":0,"balance":0},"6285212655368@s.whatsapp.net":{"registered":false,"age":0,"balance":0},"6283854639940@s.whatsapp.net":{"registered":false,"age":0,"balance":0},"6285252386366@s.whatsapp.net":{"registered":false,"age":0,"balance":0},"6281456078497@s.whatsapp.net":{"registered":false,"age":0,"balance":0},"6289529339289@s.whatsapp.net":{"registered":false,"age":0,"balance":0},"6287716050246@s.whatsapp.net":{"registered":false,"age":0,"balance":0},"62882019105012@s.whatsapp.net":{"registered":false,"age":0,"balance":0},"6285768876185@s.whatsapp.net":{"registered":false,"age":0,"balance":0},"60108342524@s.whatsapp.net":{"registered":false,"age":0,"balance":0},"62895612357500@s.whatsapp.net":{"registered":false,"age":0,"balance":0},"6285693153197@s.whatsapp.net":{"registered":false,"age":0,"balance":0},"62882006425618@s.whatsapp.net":{"registered":false,"age":0,"balance":0},"6285702451760@s.whatsapp.net":{"registered":false,"age":0,"balance":0},"6282178211858@s.whatsapp.net":{"registered":false,"age":0,"balance":0},"6282363150847@s.whatsapp.net":{"registered":false,"age":0,"balance":0},"6282310520074@s.whatsapp.net":{"registered":false,"age":0,"balance":0},"6285187562477@s.whatsapp.net":{"registered":false,"age":0,"balance":0},"6281292564899@s.whatsapp.net":{"registered":false,"age":0,"balance":0},"6289629685779@s.whatsapp.net":{"registered":false,"age":0,"balance":0},"6287861385928@s.whatsapp.net":{"registered":false,"age":0,"balance":0},"6285133669712@s.whatsapp.net":{"registered":false,"age":0,"balance":0},"6285273417527@s.whatsapp.net":{"registered":false,"age":0,"balance":0},"6283169725007@s.whatsapp.net":{"registered":false,"age":0,"balance":0},"6287711138034@s.whatsapp.net":{"registered":false,"age":0,"balance":0},"6281347210445@s.whatsapp.net":{"registered":false,"age":0,"balance":0},"6285604830084@s.whatsapp.net":{"registered":false,"age":0,"balance":0},"6287790582009@s.whatsapp.net":{"registered":false,"age":0,"balance":0},"6281298583121@s.whatsapp.net":{"registered":true,"age":19,"balance":0},"6285779178368@s.whatsapp.net":{"registered":false,"age":0,"balance":0},"6288740540993@s.whatsapp.net":{"registered":false,"age":0,"balance":0},"6283829108106@s.whatsapp.net":{"registered":false,"age":0,"balance":0},"6285124711469@s.whatsapp.net":{"registered":false,"age":0,"balance":0},"6282125314458@s.whatsapp.net":{"registered":false,"age":0,"balance":0},"6283854129297@s.whatsapp.net":{"registered":false,"age":0,"balance":0},"62895326265015@s.whatsapp.net":{"registered":false,"age":0,"balance":0},"6283152504543@s.whatsapp.net":{"registered":false,"age":0,"balance":0},"6285956658784@s.whatsapp.net":{"registered":false,"age":0,"balance":0},"6289612411030@s.whatsapp.net":{"registered":false,"age":0,"balance":0},"6283830545105@s.whatsapp.net":{"registered":false,"age":0,"balance":0},"6281374116352@s.whatsapp.net":{"registered":false,"age":0,"balance":0},"6287884010009@s.whatsapp.net":{"registered":false,"age":0,"balance":0},"6283161899675@s.whatsapp.net":{"registered":false,"age":0,"balance":0},"6282297842209@s.whatsapp.net":{"registered":false,"age":0,"balance":0},"6285779191229@s.whatsapp.net":{"registered":false,"age":0,"balance":0},"62881025478832@s.whatsapp.net":{"registered":false,"age":0,"balance":0},"6289529173634@s.whatsapp.net":{"registered":false,"age":0,"balance":0},"6287898587736@s.whatsapp.net":{"registered":false,"age":0,"balance":0},"6288287793459@s.whatsapp.net":{"registered":false,"age":0,"balance":0},"6288211557116@s.whatsapp.net":{"registered":false,"age":0,"balance":0},"6287889433725@s.whatsapp.net":{"registered":false,"age":0,"balance":0},"6285779092926@s.whatsapp.net":{"registered":false,"age":0,"balance":0},"6289526777143@s.whatsapp.net":{"registered":false,"age":0,"balance":0},"6288975270483@s.whatsapp.net":{"registered":false,"age":0,"balance":0},"628816277968@s.whatsapp.net":{"registered":false,"age":0,"balance":0},"6283863492792@s.whatsapp.net":{"registered":false,"age":0,"balance":0},"62895331081236@s.whatsapp.net":{"registered":false,"age":0,"balance":0},"601169589776@s.whatsapp.net":{"registered":false,"age":0,"balance":0},"62895395101584@s.whatsapp.net":{"registered":false,"age":0,"balance":0},"6288808985724@s.whatsapp.net":{"registered":false,"age":0,"balance":0},"6285725037914@s.whatsapp.net":{"registered":false,"age":0,"balance":0},"6283826319686@s.whatsapp.net":{"registered":false,"age":0,"balance":0},"6283836391366@s.whatsapp.net":{"registered":false,"age":0,"balance":0},"6285693173144@s.whatsapp.net":{"registered":false,"age":0,"balance":0},"6281265054683@s.whatsapp.net":{"registered":false,"age":0,"balance":0},"6282312633867@s.whatsapp.net":{"registered":false,"age":0,"balance":0},"6288276514249@s.whatsapp.net":{"registered":false,"age":0,"balance":0},"6285187772567@s.whatsapp.net":{"registered":false,"age":0,"balance":0},"6282197958200@s.whatsapp.net":{"registered":false,"age":0,"balance":0},"6288293057334@s.whatsapp.net":{"registered":false,"age":0,"balance":0},"6285194712694@s.whatsapp.net":{"registered":false,"age":0,"balance":0},"6283192122414@s.whatsapp.net":{"registered":false,"age":0,"balance":0},"6283119951608@s.whatsapp.net":{"registered":false,"age":0,"balance":0},"6282264300281@s.whatsapp.net":{"registered":false,"age":0,"balance":0},"6285801098056@s.whatsapp.net":{"registered":false,"age":0,"balance":0},"62882009507703@s.whatsapp.net":{"registered":false,"age":0,"balance":0},"62881024439475@s.whatsapp.net":{"registered":false,"age":0,"balance":0},"6281374690759@s.whatsapp.net":{"registered":false,"age":0,"balance":0},"6283150011632@s.whatsapp.net":{"registered":false,"age":0,"balance":0},"6283114880243@s.whatsapp.net":{"registered":false,"age":0,"balance":0},"628174926617@s.whatsapp.net":{"registered":false,"age":0,"balance":0},"6281366095220@s.whatsapp.net":{"registered":false,"age":0,"balance":0},"6289639523298@s.whatsapp.net":{"registered":false,"age":0,"balance":0},"6283161162352@s.whatsapp.net":{"registered":false,"age":0,"balance":0},"62895622424433@s.whatsapp.net":{"registered":false,"age":0,"balance":0},"6285282653713@s.whatsapp.net":{"registered":false,"age":0,"balance":0},"6289617504327@s.whatsapp.net":{"registered":false,"age":0,"balance":0},"6285604832725@s.whatsapp.net":{"registered":false,"age":0,"balance":0},"6283178958271@s.whatsapp.net":{"registered":false,"age":0,"balance":0},"6287844430869@s.whatsapp.net":{"registered":false,"age":0,"balance":0},"6285880438748@s.whatsapp.net":{"registered":false,"age":0,"balance":0},"6289526346592@s.whatsapp.net":{"registered":true,"age":20,"balance":7166},"6282280758422@s.whatsapp.net":{"registered":false,"age":0,"balance":0},"6283899540272@s.whatsapp.net":{"registered":false,"age":0,"balance":0},"6285167980613@s.whatsapp.net":{"registered":false,"age":0,"balance":0},"6289509127765@s.whatsapp.net":{"registered":false,"age":0,"balance":0},"6281241155764@s.whatsapp.net":{"registered":false,"age":0,"balance":0},"601163699882@s.whatsapp.net":{"registered":false,"age":0,"balance":0},"6285285648732@s.whatsapp.net":{"registered":false,"age":0,"balance":0},"6288985080380@s.whatsapp.net":{"registered":false,"age":0,"balance":0},"62881026693318@s.whatsapp.net":{"registered":false,"age":0,"balance":0},"62895326133556@s.whatsapp.net":{"registered":false,"age":0,"balance":0},"628979882702@s.whatsapp.net":{"registered":false,"age":0,"balance":0},"6282227452441@s.whatsapp.net":{"registered":false,"age":0,"balance":0},"66644630499@s.whatsapp.net":{"registered":true,"age":18,"balance":0},"6288268262196@s.whatsapp.net":{"registered":false,"age":0,"balance":0},"120363213246579218@newsletter":{"registered":false,"age":0,"balance":0},"6283824084666@s.whatsapp.net":{"registered":false,"age":0,"balance":0},"6281316709271@s.whatsapp.net":{"registered":false,"age":0,"balance":0},"6285165436480@s.whatsapp.net":{"registered":false,"age":0,"balance":0},"62895351082869@s.whatsapp.net":{"registered":false,"age":0,"balance":0},"6281216552193@s.whatsapp.net":{"registered":false,"age":0,"balance":0},"62895352283998@s.whatsapp.net":{"registered":false,"age":0,"balance":0},"6283803573336@s.whatsapp.net":{"registered":false,"age":0,"balance":0},"6285179763438@s.whatsapp.net":{"registered":false,"age":0,"balance":0},"6283820472417@s.whatsapp.net":{"registered":false,"age":0,"balance":0},"6283197618804@s.whatsapp.net":{"registered":false,"age":0,"balance":0},"6285136821406@s.whatsapp.net":{"registered":false,"age":0,"balance":0},"6285810220419@s.whatsapp.net":{"registered":false,"age":0,"balance":0},"6282350971787@s.whatsapp.net":{"registered":false,"age":0,"balance":0},"6285975175775@s.whatsapp.net":{"registered":false,"age":0,"balance":0},"6283866094078@s.whatsapp.net":{"registered":false,"age":0,"balance":0},"62882022969745@s.whatsapp.net":{"registered":false,"age":0,"balance":0},"6283163209929@s.whatsapp.net":{"registered":false,"age":0,"balance":0},"6283191833866@s.whatsapp.net":{"registered":false,"age":0,"balance":0},"6283892764673@s.whatsapp.net":{"registered":false,"age":0,"balance":0},"6285701877590@s.whatsapp.net":{"registered":false,"age":0,"balance":0},"6285792310289@s.whatsapp.net":{"registered":false,"age":0,"balance":0},"6283185227364@s.whatsapp.net":{"registered":false,"age":0,"balance":0},"6281318045694@s.whatsapp.net":{"registered":false,"age":0,"balance":0},"6281992460994@s.whatsapp.net":{"registered":false,"age":0,"balance":0},"6285191833462@s.whatsapp.net":{"registered":false,"age":0,"balance":0},"6283846055689@s.whatsapp.net":{"registered":false,"age":0,"balance":0},"6289654881483@s.whatsapp.net":{"registered":false,"age":0,"balance":0},"6282132395296@s.whatsapp.net":{"registered":false,"age":0,"balance":0},"6285134816783@s.whatsapp.net":{"registered":false,"age":0,"balance":0},"6282141362841@s.whatsapp.net":{"registered":false,"age":0,"balance":0},"6285178733568@s.whatsapp.net":{"registered":false,"age":0,"balance":0},"62881027740524@s.whatsapp.net":{"registered":false,"age":0,"balance":0},"6283841576759@s.whatsapp.net":{"registered":false,"age":0,"balance":0},"6281376066656@s.whatsapp.net":{"registered":false,"age":0,"balance":0},"62881027226209@s.whatsapp.net":{"registered":false,"age":0,"balance":0},"6283894795965@s.whatsapp.net":{"registered":false,"age":0,"balance":0},"6282142641917@s.whatsapp.net":{"registered":false,"age":0,"balance":0},"6283871410708@s.whatsapp.net":{"registered":false,"age":0,"balance":0},"62895611753070@s.whatsapp.net":{"registered":false,"age":0,"balance":0},"6282258687722@s.whatsapp.net":{"registered":false,"age":0,"balance":0},"60198379653@s.whatsapp.net":{"registered":false,"age":0,"balance":0},"6285194758274@s.whatsapp.net":{"registered":false,"age":0,"balance":0},"6283152056281@s.whatsapp.net":{"registered":false,"age":0,"balance":0},"6285185943218@s.whatsapp.net":{"registered":false,"age":0,"balance":0},"6287844239600@s.whatsapp.net":{"registered":false,"age":0,"balance":0},"6281313425704@s.whatsapp.net":{"registered":false,"age":0,"balance":0},"6281295985701@s.whatsapp.net":{"registered":false,"age":0,"balance":0},"6281243101016@s.whatsapp.net":{"registered":false,"age":0,"balance":0},"6289523982461@s.whatsapp.net":{"registered":false,"age":0,"balance":0},"6285177455296@s.whatsapp.net":{"registered":false,"age":0,"balance":0},"62882007089754@s.whatsapp.net":{"registered":false,"age":0,"balance":0},"6285651940897@s.whatsapp.net":{"registered":false,"age":0,"balance":0},"628977516550@s.whatsapp.net":{"registered":false,"age":0,"balance":0},"6281331737296@s.whatsapp.net":{"registered":false,"age":0,"balance":0},"62895404018962@s.whatsapp.net":{"registered":false,"age":0,"balance":0},"6281293230269@s.whatsapp.net":{"registered":false,"age":0,"balance":0},"60148459974@s.whatsapp.net":{"registered":false,"age":0,"balance":0},"628891277064@s.whatsapp.net":{"registered":false,"age":0,"balance":0},"6287862036476@s.whatsapp.net":{"registered":false,"age":0,"balance":0},"6289512836304@s.whatsapp.net":{"registered":false,"age":0,"balance":0},"6283181066563@s.whatsapp.net":{"registered":false,"age":0,"balance":0},"6283176618549@s.whatsapp.net":{"registered":false,"age":0,"balance":0},"6283165741787@s.whatsapp.net":{"registered":false,"age":0,"balance":0},"6281286726766@s.whatsapp.net":{"registered":false,"age":0,"balance":0},"25766463148@s.whatsapp.net":{"registered":false,"age":0,"balance":0},"6285836770093@s.whatsapp.net":{"registered":false,"age":0,"balance":0},"6285185454481@s.whatsapp.net":{"registered":false,"age":0,"balance":0},"60173392804@s.whatsapp.net":{"registered":false,"age":0,"balance":0},"6289504757410@s.whatsapp.net":{"registered":false,"age":0,"balance":0},"6283811737556@s.whatsapp.net":{"registered":false,"age":0,"balance":0},"6289516820413@s.whatsapp.net":{"registered":false,"age":0,"balance":0},"6283879823793@s.whatsapp.net":{"registered":false,"age":0,"balance":0},"628984912403@s.whatsapp.net":{"registered":false,"age":0,"balance":0},"6283898930134@s.whatsapp.net":{"registered":false,"age":0,"balance":0},"6281241218537@s.whatsapp.net":{"registered":false,"age":0,"balance":0},"6283170942449@s.whatsapp.net":{"registered":false,"age":0,"balance":0},"628977531373@s.whatsapp.net":{"registered":false,"age":0,"balance":0},"62882003454178@s.whatsapp.net":{"registered":false,"age":0,"balance":0},"6288994000497@s.whatsapp.net":{"registered":false,"age":0,"balance":0},"6287858572655@s.whatsapp.net":{"registered":false,"age":0,"balance":0},"6285770440184@s.whatsapp.net":{"registered":true,"age":10,"balance":0},"62882010145796@s.whatsapp.net":{"registered":true,"age":18,"balance":0},"6283198051807@s.whatsapp.net":{"registered":false,"age":0,"balance":0},"6287861383617@s.whatsapp.net":{"registered":false,"age":0,"balance":0},"6283152104380@s.whatsapp.net":{"registered":false,"age":0,"balance":0},"6285730362513@s.whatsapp.net":{"registered":false,"age":0,"balance":0},"6283872735209@s.whatsapp.net":{"registered":false,"age":0,"balance":0},"6289699245461@s.whatsapp.net":{"registered":false,"age":0,"balance":0},"923022312576@s.whatsapp.net":{"registered":false,"age":0,"balance":0},"628889659185@s.whatsapp.net":{"registered":false,"age":0,"balance":0},"6287833505588@s.whatsapp.net":{"registered":false,"age":0,"balance":0},"6288972084587@s.whatsapp.net":{"registered":false,"age":0,"balance":0},"6285882539828@s.whatsapp.net":{"registered":false,"age":0,"balance":0},"6289501955295@s.whatsapp.net":{"registered":false,"age":0,"balance":0},"6283128531087@s.whatsapp.net":{"registered":false,"age":0,"balance":0},"628972107803@s.whatsapp.net":{"registered":false,"age":0,"balance":0},"62895420994848@s.whatsapp.net":{"registered":false,"age":0,"balance":0},"6283846296596@s.whatsapp.net":{"registered":false,"age":0,"balance":0},"923262037710@s.whatsapp.net":{"registered":false,"age":0,"balance":0},"6287759847241@s.whatsapp.net":{"registered":false,"age":0,"balance":0},"6282164638249@s.whatsapp.net":{"registered":false,"age":0,"balance":0},"6289518544858@s.whatsapp.net":{"registered":false,"age":0,"balance":0},"6283168515371@s.whatsapp.net":{"registered":false,"age":0,"balance":0},"601115369385@s.whatsapp.net":{"registered":false,"age":0,"balance":0},"62881022956643@s.whatsapp.net":{"registered":false,"age":0,"balance":0},"6285133306919@s.whatsapp.net":{"registered":false,"age":0,"balance":0},"6282210658693@s.whatsapp.net":{"registered":false,"age":0,"balance":0},"6285693739701@s.whatsapp.net":{"registered":false,"age":0,"balance":0},"6282210824913@s.whatsapp.net":{"registered":false,"age":0,"balance":0},"6285954829050@s.whatsapp.net":{"registered":false,"age":0,"balance":0},"6287770358278@s.whatsapp.net":{"registered":false,"age":0,"balance":0},"163930982862952@lid":{"registered":false,"age":0,"balance":0},"6285219573608@s.whatsapp.net":{"registered":false,"age":0,"balance":0},"6285134433818@s.whatsapp.net":{"registered":false,"age":0,"balance":0},"6282313901246@s.whatsapp.net":{"registered":false,"age":0,"balance":0},"6283105642762@s.whatsapp.net":{"registered":false,"age":0,"balance":0},"6289632336777@s.whatsapp.net":{"registered":false,"age":0,"balance":0},"6288291263627@s.whatsapp.net":{"registered":false,"age":0,"balance":0},"6283141558736@s.whatsapp.net":{"registered":false,"age":0,"balance":0},"6283174480695@s.whatsapp.net":{"registered":false,"age":0,"balance":0},"6283144134268@s.whatsapp.net":{"registered":false,"age":0,"balance":0},"6288215008872@s.whatsapp.net":{"registered":false,"age":0,"balance":0},"62881010237166@s.whatsapp.net":{"registered":false,"age":0,"balance":0},"6283856802649@s.whatsapp.net":{"registered":false,"age":0,"balance":0},"62895332341208@s.whatsapp.net":{"registered":true,"age":21,"balance":0},"6282229443601@s.whatsapp.net":{"registered":false,"age":0,"balance":0},"6285784177745@s.whatsapp.net":{"registered":false,"age":0,"balance":0},"6289630021428@s.whatsapp.net":{"registered":false,"age":0,"balance":0},"628385802878@s.whatsapp.net":{"registered":false,"age":0,"balance":0},"628972310194@s.whatsapp.net":{"registered":false,"age":0,"balance":0},"628892963249@s.whatsapp.net":{"registered":false,"age":0,"balance":0},"6285718808838@s.whatsapp.net":{"registered":false,"age":0,"balance":0},"6285959037740@s.whatsapp.net":{"registered":false,"age":0,"balance":0},"6289527560390@s.whatsapp.net":{"registered":false,"age":0,"balance":0},"6285177556706@s.whatsapp.net":{"registered":false,"age":0,"balance":0},"6285872325512@s.whatsapp.net":{"registered":false,"age":0,"balance":0},"6288994299215@s.whatsapp.net":{"registered":false,"age":0,"balance":0},"6282128935170@s.whatsapp.net":{"registered":false,"age":0,"balance":0},"62881012055236@s.whatsapp.net":{"registered":false,"age":0,"balance":0},"6285763823564@s.whatsapp.net":{"registered":false,"age":0,"balance":0},"6282231135708@s.whatsapp.net":{"registered":false,"age":0,"balance":0},"628888901618@s.whatsapp.net":{"registered":false,"age":0,"balance":0},"6282379640419@s.whatsapp.net":{"registered":false,"age":0,"balance":0},"628561751703@s.whatsapp.net":{"registered":false,"age":0,"balance":0},"6285840235258@s.whatsapp.net":{"registered":false,"age":0,"balance":0},"6285609079960@s.whatsapp.net":{"registered":false,"age":0,"balance":0},"6281937632508@s.whatsapp.net":{"registered":false,"age":0,"balance":0},"6285849744356@s.whatsapp.net":{"registered":false,"age":0,"balance":0},"6283160047494@s.whatsapp.net":{"registered":false,"age":0,"balance":0},"6281222196508@s.whatsapp.net":{"registered":false,"age":0,"balance":0},"62895403175276@s.whatsapp.net":{"registered":false,"age":0,"balance":0},"628999700776@s.whatsapp.net":{"registered":false,"age":0,"balance":0},"6285716223106@s.whatsapp.net":{"registered":false,"age":0,"balance":0},"6289603525280@s.whatsapp.net":{"registered":false,"age":0,"balance":0},"6285945085846@s.whatsapp.net":{"registered":false,"age":0,"balance":0},"6285174202402@s.whatsapp.net":{"registered":false,"age":0,"balance":0},"6283869282521@s.whatsapp.net":{"registered":false,"age":0,"balance":0},"6285143311625@s.whatsapp.net":{"registered":false,"age":0,"balance":0},"9779801311359@s.whatsapp.net":{"registered":false,"age":0,"balance":0},"6283848350560@s.whatsapp.net":{"registered":false,"age":0,"balance":0},"6283143290362@s.whatsapp.net":{"registered":false,"age":0,"balance":0},"6285881684008@s.whatsapp.net":{"registered":false,"age":0,"balance":0},"62895359590601@s.whatsapp.net":{"registered":false,"age":0,"balance":0},"6288287461064@s.whatsapp.net":{"registered":false,"age":0,"balance":0},"6283899420206@s.whatsapp.net":{"registered":false,"age":0,"balance":0},"6281263604928@s.whatsapp.net":{"registered":false,"age":0,"balance":0},"6283848077643@s.whatsapp.net":{"registered":false,"age":0,"balance":0},"6281265072174@s.whatsapp.net":{"registered":false,"age":0,"balance":0},"6285934711115@s.whatsapp.net":{"registered":false,"age":0,"balance":0},"628561143962@s.whatsapp.net":{"registered":false,"age":0,"balance":0},"6287853621178@s.whatsapp.net":{"registered":false,"age":0,"balance":0},"62895392022080@s.whatsapp.net":{"registered":false,"age":0,"balance":0},"6287821278376@s.whatsapp.net":{"registered":false,"age":0,"balance":0},"6288291872228@s.whatsapp.net":{"registered":false,"age":0,"balance":0},"6289654982639@s.whatsapp.net":{"registered":false,"age":0,"balance":0},"6283125755791@s.whatsapp.net":{"registered":false,"age":0,"balance":0},"6288740526345@s.whatsapp.net":{"registered":false,"age":0,"balance":0},"6289507625084@s.whatsapp.net":{"registered":false,"age":0,"balance":0},"6288270896583@s.whatsapp.net":{"registered":true,"age":20,"balance":0},"6285716967065@s.whatsapp.net":{"registered":false,"age":0,"balance":0},"6285834113722@s.whatsapp.net":{"registered":false,"age":0,"balance":0},"6285184199796@s.whatsapp.net":{"registered":false,"age":0,"balance":0},"6283189782967@s.whatsapp.net":{"registered":false,"age":0,"balance":0},"6288291914641@s.whatsapp.net":{"registered":false,"age":0,"balance":0},"6285167277538@s.whatsapp.net":{"registered":false,"age":0,"balance":0},"6283121594521@s.whatsapp.net":{"registered":false,"age":0,"balance":0},"6285640715700@s.whatsapp.net":{"registered":false,"age":0,"balance":0},"6281371915523@s.whatsapp.net":{"registered":false,"age":0,"balance":0},"6289502494364@s.whatsapp.net":{"registered":false,"age":0,"balance":0},"6288991775213@s.whatsapp.net":{"registered":false,"age":0,"balance":0},"6283194948560@s.whatsapp.net":{"registered":false,"age":0,"balance":0},"6288270925648@s.whatsapp.net":{"registered":false,"age":0,"balance":0},"6288287216947@s.whatsapp.net":{"registered":false,"age":0,"balance":0},"62895393689668@s.whatsapp.net":{"registered":false,"age":0,"balance":0},"6285767543457@s.whatsapp.net":{"registered":false,"age":0,"balance":0},"6285814038584@s.whatsapp.net":{"registered":false,"age":0,"balance":0},"6289524139944@s.whatsapp.net":{"registered":false,"age":0,"balance":0},"6281311637834@s.whatsapp.net":{"registered":false,"age":0,"balance":0},"6282126811899@s.whatsapp.net":{"registered":false,"age":0,"balance":0},"6282311977373@s.whatsapp.net":{"registered":false,"age":0,"balance":0},"6283178186347@s.whatsapp.net":{"registered":false,"age":0,"balance":0},"6283181571095@s.whatsapp.net":{"registered":false,"age":0,"balance":0},"6285606661187@s.whatsapp.net":{"registered":false,"age":0,"balance":0},"6282181643028@s.whatsapp.net":{"registered":false,"age":0,"balance":0},"6285789370791@s.whatsapp.net":{"registered":false,"age":0,"balance":0},"6288238229419@s.whatsapp.net":{"registered":false,"age":0,"balance":0},"6282175268252@s.whatsapp.net":{"registered":false,"age":0,"balance":0},"6287721173163@s.whatsapp.net":{"registered":false,"age":0,"balance":0},"6283168066751@s.whatsapp.net":{"registered":false,"age":0,"balance":0},"6281244290076@s.whatsapp.net":{"registered":false,"age":0,"balance":0},"6287879843822@s.whatsapp.net":{"registered":false,"age":0,"balance":0},"6281806939400@s.whatsapp.net":{"registered":true,"age":93,"balance":0},"6285178010664@s.whatsapp.net":{"registered":true,"age":23,"balance":0},"6289662394422@s.whatsapp.net":{"registered":false,"age":0,"balance":0},"6285896142059@s.whatsapp.net":{"registered":false,"age":0,"balance":0},"628871395689@s.whatsapp.net":{"registered":false,"age":0,"balance":0},"6285143824433@s.whatsapp.net":{"registered":false,"age":0,"balance":0},"6282143084291@s.whatsapp.net":{"registered":false,"age":0,"balance":0},"6289626921500@s.whatsapp.net":{"registered":false,"age":0,"balance":0},"6285828930166@s.whatsapp.net":{"registered":false,"age":0,"balance":0},"62838676449790@s.whatsapp.net":{"registered":false,"age":0,"balance":0},"6285129558871@s.whatsapp.net":{"registered":false,"age":0,"balance":0},"6283124467098@s.whatsapp.net":{"registered":false,"age":0,"balance":0},"6288227981269@s.whatsapp.net":{"registered":false,"age":0,"balance":0},"6288807279381@s.whatsapp.net":{"registered":false,"age":0,"balance":0},"6287886569297@s.whatsapp.net":{"registered":false,"age":0,"balance":0},"6285135990482@s.whatsapp.net":{"registered":false,"age":0,"balance":0},"6285857809104@s.whatsapp.net":{"registered":false,"age":0,"balance":0},"6283838187168@s.whatsapp.net":{"registered":false,"age":0,"balance":0},"6282260875480@s.whatsapp.net":{"registered":true,"age":99,"balance":0},"6282187398592@s.whatsapp.net":{"registered":false,"age":0,"balance":0},"6285852045160@s.whatsapp.net":{"registered":false,"age":0,"balance":0},"6285817072071@s.whatsapp.net":{"registered":false,"age":0,"balance":0},"62895393187787@s.whatsapp.net":{"registered":false,"age":0,"balance":0},"6283136911640@s.whatsapp.net":{"registered":false,"age":0,"balance":0},"6287864807845@s.whatsapp.net":{"registered":false,"age":0,"balance":0},"62887437482064@s.whatsapp.net":{"registered":false,"age":0,"balance":0},"6283823269501@s.whatsapp.net":{"registered":false,"age":0,"balance":0},"6282376680684@s.whatsapp.net":{"registered":false,"age":0,"balance":0},"628980324439@s.whatsapp.net":{"registered":false,"age":0,"balance":0},"6283197320980@s.whatsapp.net":{"registered":false,"age":0,"balance":0},"6283894907127@s.whatsapp.net":{"registered":false,"age":0,"balance":0},"62882007352488@s.whatsapp.net":{"registered":false,"age":0,"balance":0},"6282191160298@s.whatsapp.net":{"registered":false,"age":0,"balance":0},"6285251913873@s.whatsapp.net":{"registered":false,"age":0,"balance":0},"6285825526319@s.whatsapp.net":{"registered":false,"age":0,"balance":0},"6282254847265@s.whatsapp.net":{"registered":false,"age":0,"balance":0},"6283136311471@s.whatsapp.net":{"registered":false,"age":0,"balance":0},"6287822088776@s.whatsapp.net":{"registered":false,"age":0,"balance":0},"62895329828353@s.whatsapp.net":{"registered":false,"age":0,"balance":0},"6285796729495@s.whatsapp.net":{"registered":false,"age":0,"balance":0},"120363395315833748@newsletter":{"registered":false,"age":0,"balance":0},"62895630553708@s.whatsapp.net":{"registered":false,"age":0,"balance":0},"6289524909460@s.whatsapp.net":{"registered":false,"age":0,"balance":0},"6285864242904@s.whatsapp.net":{"registered":false,"age":0,"balance":0},"6285643715958@s.whatsapp.net":{"registered":false,"age":0,"balance":0},"6283854538455@s.whatsapp.net":{"registered":false,"age":0,"balance":0},"6282221749213@s.whatsapp.net":{"registered":false,"age":0,"balance":0},"6282324643051@s.whatsapp.net":{"registered":false,"age":0,"balance":0},"6283123563436@s.whatsapp.net":{"registered":false,"age":0,"balance":0},"6281383536103@s.whatsapp.net":{"registered":false,"age":0,"balance":0},"6282117461551@s.whatsapp.net":{"registered":false,"age":0,"balance":0},"6289520198552@s.whatsapp.net":{"registered":false,"age":0,"balance":0},"6285804110472@s.whatsapp.net":{"registered":false,"age":0,"balance":0},"6283179793755@s.whatsapp.net":{"registered":false,"age":0,"balance":0},"62895370965028@s.whatsapp.net":{"registered":false,"age":0,"balance":0},"6282126377257@s.whatsapp.net":{"registered":false,"age":0,"balance":0},"6288980851323@s.whatsapp.net":{"registered":false,"age":0,"balance":0},"6281327231336@s.whatsapp.net":{"registered":false,"age":0,"balance":0},"6285212085269@s.whatsapp.net":{"registered":false,"age":0,"balance":0},"62881010533196@s.whatsapp.net":{"registered":false,"age":0,"balance":0},"6285865994461@s.whatsapp.net":{"registered":false,"age":0,"balance":0},"6289513161365@s.whatsapp.net":{"registered":false,"age":0,"balance":0},"6283152804147@s.whatsapp.net":{"registered":false,"age":0,"balance":0},"62881026728898@s.whatsapp.net":{"registered":false,"age":0,"balance":0},"6283846554137@s.whatsapp.net":{"registered":false,"age":0,"balance":0},"6283879092767@s.whatsapp.net":{"registered":false,"age":0,"balance":0},"62895384974672@s.whatsapp.net":{"registered":false,"age":0,"balance":0},"6281367607429@s.whatsapp.net":{"registered":false,"age":0,"balance":0},"6281280124662@s.whatsapp.net":{"registered":false,"age":0,"balance":0},"93705832547@s.whatsapp.net":{"registered":false,"age":0,"balance":0},"6283165744772@s.whatsapp.net":{"registered":false,"age":0,"balance":0},"6285857199167@s.whatsapp.net":{"registered":false,"age":0,"balance":0},"6281313581541@s.whatsapp.net":{"registered":false,"age":0,"balance":0},"6282191485980@s.whatsapp.net":{"registered":false,"age":0,"balance":0},"6282191271912@s.whatsapp.net":{"registered":false,"age":0,"balance":0},"6285849565283@s.whatsapp.net":{"registered":false,"age":0,"balance":0},"6283115229309@s.whatsapp.net":{"registered":false,"age":0,"balance":0},"62895402760151@s.whatsapp.net":{"registered":false,"age":0,"balance":0},"6285768874424@s.whatsapp.net":{"registered":false,"age":0,"balance":0},"6283176384164@s.whatsapp.net":{"registered":false,"age":0,"balance":0},"628891769103@s.whatsapp.net":{"registered":false,"age":0,"balance":0},"6283199923257@s.whatsapp.net":{"registered":false,"age":0,"balance":0},"6282199083011@s.whatsapp.net":{"registered":false,"age":0,"balance":0},"6282123673078@s.whatsapp.net":{"registered":false,"age":0,"balance":0},"6285763848152@s.whatsapp.net":{"registered":false,"age":0,"balance":0},"62882021433062@s.whatsapp.net":{"registered":false,"age":0,"balance":0},"6287893996413@s.whatsapp.net":{"registered":false,"age":0,"balance":0},"6288983460921@s.whatsapp.net":{"registered":false,"age":0,"balance":0},"6287861450453@s.whatsapp.net":{"registered":false,"age":0,"balance":0},"62895609915432@s.whatsapp.net":{"registered":false,"age":0,"balance":0},"62895408006300@s.whatsapp.net":{"registered":false,"age":0,"balance":0},"6288706973295@s.whatsapp.net":{"registered":false,"age":0,"balance":0},"6283873273831@s.whatsapp.net":{"registered":false,"age":0,"balance":0},"60183515312@s.whatsapp.net":{"registered":false,"age":0,"balance":0},"60136218178@s.whatsapp.net":{"registered":false,"age":0,"balance":0},"62882005178924@s.whatsapp.net":{"registered":false,"age":0,"balance":0},"6285813606500@s.whatsapp.net":{"registered":false,"age":0,"balance":0},"6285860652723@s.whatsapp.net":{"registered":false,"age":0,"balance":0},"628871375928@s.whatsapp.net":{"registered":false,"age":0,"balance":0},"6289503468294@s.whatsapp.net":{"registered":false,"age":0,"balance":0},"6289529695388@s.whatsapp.net":{"registered":false,"age":0,"balance":0},"6289505452018@s.whatsapp.net":{"registered":false,"age":0,"balance":0},"6285371735142@s.whatsapp.net":{"registered":false,"age":0,"balance":0},"6281994160146@s.whatsapp.net":{"registered":false,"age":0,"balance":0},"6282128125114@s.whatsapp.net":{"registered":false,"age":0,"balance":0},"6287811833837@s.whatsapp.net":{"registered":false,"age":0,"balance":0},"628134521622@s.whatsapp.net":{"registered":false,"age":0,"balance":0},"6285171226069@s.whatsapp.net":{"registered":false,"age":0,"balance":0},"6282334601553@s.whatsapp.net":{"registered":false,"age":0,"balance":0},"6287766404668@s.whatsapp.net":{"registered":false,"age":0,"balance":0},"6285198357192@s.whatsapp.net":{"registered":false,"age":0,"balance":0},"6283873947536@s.whatsapp.net":{"registered":false,"age":0,"balance":0},"6285158870462@s.whatsapp.net":{"registered":false,"age":0,"balance":0},"6285165516468@s.whatsapp.net":{"registered":false,"age":0,"balance":0},"6285169985680@s.whatsapp.net":{"registered":false,"age":0,"balance":0},"6283833963173@s.whatsapp.net":{"registered":false,"age":0,"balance":0},"6285761752214@s.whatsapp.net":{"registered":false,"age":0,"balance":0},"6288983185523@s.whatsapp.net":{"registered":false,"age":0,"balance":0},"6283193340971@s.whatsapp.net":{"registered":false,"age":0,"balance":0},"6285211419938@s.whatsapp.net":{"registered":false,"age":0,"balance":0},"6285137224251@s.whatsapp.net":{"registered":false,"age":0,"balance":0},"62881026730139@s.whatsapp.net":{"registered":false,"age":0,"balance":0},"6283861797419@s.whatsapp.net":{"registered":false,"age":0,"balance":0},"6285194914123@s.whatsapp.net":{"registered":false,"age":0,"balance":0},"120363418454211098@newsletter":{"registered":false,"age":0,"balance":0},"6289530592565@s.whatsapp.net":{"registered":false,"age":0,"balance":0},"6285649748150@s.whatsapp.net":{"registered":false,"age":0,"balance":0},"639857824021@s.whatsapp.net":{"registered":false,"age":0,"balance":0},"628984984230@s.whatsapp.net":{"registered":false,"age":0,"balance":0},"6283187712081@s.whatsapp.net":{"registered":false,"age":0,"balance":0},"628979638962@s.whatsapp.net":{"registered":false,"age":0,"balance":0},"6288222388373@s.whatsapp.net":{"registered":false,"age":0,"balance":0},"628813816207@s.whatsapp.net":{"registered":false,"age":0,"balance":0},"115840150171901@lid":{"registered":false,"age":0,"balance":0},"628999166229@s.whatsapp.net":{"registered":false,"age":0,"balance":0},"6289528880459@s.whatsapp.net":{"registered":false,"age":0,"balance":0},"6283135362379@s.whatsapp.net":{"registered":false,"age":0,"balance":0},"6283869639149@s.whatsapp.net":{"registered":false,"age":0,"balance":0},"6289654393805@s.whatsapp.net":{"registered":false,"age":0,"balance":0},"6283875103831@s.whatsapp.net":{"registered":false,"age":0,"balance":0},"6283161384699@s.whatsapp.net":{"registered":false,"age":0,"balance":0},"6287812263358@s.whatsapp.net":{"registered":false,"age":0,"balance":0},"120363405175844986@newsletter":{"registered":false,"age":0,"balance":0},"120363420675386140@newsletter":{"registered":false,"age":0,"balance":0},"6285142097498@s.whatsapp.net":{"registered":false,"age":0,"balance":0},"6285753672710@s.whatsapp.net":{"registered":false,"age":0,"balance":0},"6288271391023@s.whatsapp.net":{"registered":false,"age":0,"balance":0},"62895322783175@s.whatsapp.net":{"registered":false,"age":0,"balance":0},"6283155520216@s.whatsapp.net":{"registered":false,"age":0,"balance":0},"6287875844412@s.whatsapp.net":{"registered":false,"age":0,"balance":0},"628971252848@s.whatsapp.net":{"registered":false,"age":0,"balance":0},"254735342808@s.whatsapp.net":{"registered":false,"age":0,"balance":0},"628563645389@s.whatsapp.net":{"registered":false,"age":0,"balance":0},"6285845848489@s.whatsapp.net":{"registered":false,"age":0,"balance":0},"6289519552950@s.whatsapp.net":{"registered":false,"age":0,"balance":0},"50492284509@s.whatsapp.net":{"registered":false,"age":0,"balance":0},"6285185144404@s.whatsapp.net":{"registered":false,"age":0,"balance":0},"201580716490811@lid":{"registered":false,"age":0,"balance":0},"6285659461576@s.whatsapp.net":{"registered":false,"age":0,"balance":0},"6281368660625@s.whatsapp.net":{"registered":false,"age":0,"balance":0},"6287759272563@s.whatsapp.net":{"registered":false,"age":0,"balance":0},"62895326676152@s.whatsapp.net":{"registered":false,"age":0,"balance":0},"6285133295640@s.whatsapp.net":{"registered":false,"age":0,"balance":0},"6282377528302@s.whatsapp.net":{"registered":false,"age":0,"balance":0},"62881024410295@s.whatsapp.net":{"registered":false,"age":0,"balance":0},"6281367229871@s.whatsapp.net":{"registered":false,"age":0,"balance":0},"6283834503771@s.whatsapp.net":{"registered":false,"age":0,"balance":0},"6283865534171@s.whatsapp.net":{"registered":false,"age":0,"balance":0},"6283839261771@s.whatsapp.net":{"registered":false,"age":0,"balance":0},"628815998988@s.whatsapp.net":{"registered":false,"age":0,"balance":0},"120363418718860888@newsletter":{"registered":false,"age":0,"balance":0},"120363422509177632@newsletter":{"registered":false,"age":0,"balance":0},"120363421945885266@newsletter":{"registered":false,"age":0,"balance":0},"120363403163863108@newsletter":{"registered":false,"age":0,"balance":0},"120363420511119881@newsletter":{"registered":false,"age":0,"balance":0},"120363403481692470@newsletter":{"registered":false,"age":0,"balance":0},"120363422175716203@newsletter":{"registered":false,"age":0,"balance":0},"120363405662478358@newsletter":{"registered":false,"age":0,"balance":0},"120363404382794093@newsletter":{"registered":false,"age":0,"balance":0},"6283845003299@s.whatsapp.net":{"registered":false,"age":0,"balance":0},"6285191333818@s.whatsapp.net":{"registered":false,"age":0,"balance":0},"120363419887400432@newsletter":{"registered":false,"age":0,"balance":0},"6283178773606@s.whatsapp.net":{"registered":false,"age":0,"balance":0},"6287897847575@s.whatsapp.net":{"registered":false,"age":0,"balance":0},"6285126278414@s.whatsapp.net":{"registered":false,"age":0,"balance":0},"6289503677813@s.whatsapp.net":{"registered":false,"age":0,"balance":0},"6287779243937@s.whatsapp.net":{"registered":false,"age":0,"balance":0},"6287833849692@s.whatsapp.net":{"registered":false,"age":0,"balance":0},"6283145688156@s.whatsapp.net":{"registered":false,"age":0,"balance":0},"6282337537428@s.whatsapp.net":{"registered":false,"age":0,"balance":0},"6285647692506@s.whatsapp.net":{"registered":false,"age":0,"balance":0},"6285640626052@s.whatsapp.net":{"registered":false,"age":0,"balance":0},"62895403265483@s.whatsapp.net":{"registered":false,"age":0,"balance":0},"60109482274@s.whatsapp.net":{"registered":false,"age":0,"balance":0},"6287892260743@s.whatsapp.net":{"registered":false,"age":0,"balance":0},"62895322362648@s.whatsapp.net":{"registered":false,"age":0,"balance":0},"6285821136290@s.whatsapp.net":{"registered":false,"age":0,"balance":0},"62895329403464@s.whatsapp.net":{"registered":false,"age":0,"balance":0},"120363418669078602@newsletter":{"registered":false,"age":0,"balance":0},"120363420514553103@newsletter":{"registered":false,"age":0,"balance":0},"6285835356933@s.whatsapp.net":{"registered":false,"age":0,"balance":0},"6282357241571@s.whatsapp.net":{"registered":false,"age":0,"balance":0},"6285708976404@s.whatsapp.net":{"registered":false,"age":0,"balance":0},"6283125086498@s.whatsapp.net":{"registered":false,"age":0,"balance":0},"6281929650937@s.whatsapp.net":{"registered":false,"age":0,"balance":0},"6282130662694@s.whatsapp.net":{"registered":false,"age":0,"balance":0},"6283861795872@s.whatsapp.net":{"registered":false,"age":0,"balance":0},"62882002261350@s.whatsapp.net":{"registered":false,"age":0,"balance":0},"6285282355140@s.whatsapp.net":{"registered":false,"age":0,"balance":0},"6285735610694@s.whatsapp.net":{"registered":false,"age":0,"balance":0},"6283846781252@s.whatsapp.net":{"registered":false,"age":0,"balance":0},"120363418283770382@newsletter":{"registered":false,"age":0,"balance":0},"120363399443513880@newsletter":{"registered":false,"age":0,"balance":0},"120363401539077214@newsletter":{"registered":false,"age":0,"balance":0},"120363419903275157@newsletter":{"registered":false,"age":0,"balance":0},"120363419939019923@newsletter":{"registered":false,"age":0,"balance":0},"120363420327058115@newsletter":{"registered":false,"age":0,"balance":0},"120363421292449091@newsletter":{"registered":false,"age":0,"balance":0},"120363419145397317@newsletter":{"registered":false,"age":0,"balance":0},"120363404411023591@newsletter":{"registered":false,"age":0,"balance":0},"120363420995092885@newsletter":{"registered":false,"age":0,"balance":0},"120363406248040855@newsletter":{"registered":false,"age":0,"balance":0},"120363417177796165@newsletter":{"registered":false,"age":0,"balance":0},"120363402510525122@newsletter":{"registered":false,"age":0,"balance":0},"120363403022748509@newsletter":{"registered":false,"age":0,"balance":0},"120363423854970674@newsletter":{"registered":false,"age":0,"balance":0},"120363420040290838@newsletter":{"registered":false,"age":0,"balance":0},"120363424225462697@newsletter":{"registered":false,"age":0,"balance":0},"120363404850925430@newsletter":{"registered":false,"age":0,"balance":0},"120363403709528351@newsletter":{"registered":false,"age":0,"balance":0},"120363405564083435@newsletter":{"registered":false,"age":0,"balance":0},"120363420481601516@newsletter":{"registered":false,"age":0,"balance":0},"120363405911559851@newsletter":{"registered":false,"age":0,"balance":0},"120363424447574351@newsletter":{"registered":false,"age":0,"balance":0},"120363421970651289@newsletter":{"registered":false,"age":0,"balance":0},"120363422514015184@newsletter":{"registered":false,"age":0,"balance":0},"120363401557882008@newsletter":{"registered":false,"age":0,"balance":0},"120363404377688469@newsletter":{"registered":false,"age":0,"balance":0},"120363416846359026@newsletter":{"registered":false,"age":0,"balance":0},"120363401534856495@newsletter":{"registered":false,"age":0,"balance":0},"120363404203167373@newsletter":{"registered":false,"age":0,"balance":0},"120363419374004937@newsletter":{"registered":false,"age":0,"balance":0},"120363423110038863@newsletter":{"registered":false,"age":0,"balance":0},"120363401711087897@newsletter":{"registered":false,"age":0,"balance":0},"6285827800835@s.whatsapp.net":{"registered":false,"age":0,"balance":0},"120363421954098531@newsletter":{"registered":false,"age":0,"balance":0},"120363421102139696@newsletter":{"registered":false,"age":0,"balance":0},"120363423173542290@newsletter":{"registered":false,"age":0,"balance":0},"120363419274857028@newsletter":{"registered":false,"age":0,"balance":0},"6283851734175@s.whatsapp.net":{"registered":false,"age":0,"balance":0},"120363403469803751@newsletter":{"registered":false,"age":0,"balance":0},"6283863162089@s.whatsapp.net":{"registered":false,"age":0,"balance":0},"6287863727269@s.whatsapp.net":{"registered":false,"age":0,"balance":0},"6289526913828@s.whatsapp.net":{"registered":false,"age":0,"balance":0},"6283877659688@s.whatsapp.net":{"registered":false,"age":0,"balance":0},"22222201120@s.whatsapp.net":{"registered":true,"age":16,"balance":0},"6282257864006@s.whatsapp.net":{"registered":false,"age":0,"balance":0},"6285810464985@s.whatsapp.net":{"registered":false,"age":0,"balance":0},"62881011419601@s.whatsapp.net":{"registered":false,"age":0,"balance":0},"6285809603754@s.whatsapp.net":{"registered":false,"age":0,"balance":0},"6285845408773@s.whatsapp.net":{"registered":false,"age":0,"balance":0},"6285749672448@s.whatsapp.net":{"registered":false,"age":0,"balance":0},"6281511445728@s.whatsapp.net":{"registered":false,"age":0,"balance":0},"6283867402996@s.whatsapp.net":{"registered":false,"age":0,"balance":0},"6282323743272@s.whatsapp.net":{"registered":false,"age":0,"balance":0},"6285739019360@s.whatsapp.net":{"registered":false,"age":0,"balance":0},"6287838988049@s.whatsapp.net":{"registered":false,"age":0,"balance":0},"6281528491625@s.whatsapp.net":{"registered":false,"age":0,"balance":0},"628980591709@s.whatsapp.net":{"registered":false,"age":0,"balance":0},"6283877204700@s.whatsapp.net":{"registered":false,"age":0,"balance":0},"6283180400772@s.whatsapp.net":{"registered":false,"age":0,"balance":0},"6285701885466@s.whatsapp.net":{"registered":false,"age":0,"balance":0},"6285757275848@s.whatsapp.net":{"registered":false,"age":0,"balance":0},"6287816663855@s.whatsapp.net":{"registered":false,"age":0,"balance":0},"6285808462189@s.whatsapp.net":{"registered":false,"age":0,"balance":0},"6285710566942@s.whatsapp.net":{"registered":false,"age":0,"balance":0},"6285921504762@s.whatsapp.net":{"registered":false,"age":0,"balance":0},"6285788514118@s.whatsapp.net":{"registered":false,"age":0,"balance":0},"62895707003330@s.whatsapp.net":{"registered":false,"age":0,"balance":0},"6289520560694@s.whatsapp.net":{"registered":false,"age":0,"balance":0},"6281284543085@s.whatsapp.net":{"registered":false,"age":0,"balance":0},"6283850720836@s.whatsapp.net":{"registered":false,"age":0,"balance":0},"6288238268936@s.whatsapp.net":{"registered":false,"age":0,"balance":0},"6289669343504@s.whatsapp.net":{"registered":false,"age":0,"balance":0},"27677822959@s.whatsapp.net":{"registered":true,"age":20,"balance":0},"6283153900411@s.whatsapp.net":{"registered":false,"age":0,"balance":0},"62882008130604@s.whatsapp.net":{"registered":false,"age":0,"balance":0},"6285189607240@s.whatsapp.net":{"registered":false,"age":0,"balance":0},"6283181944012@s.whatsapp.net":{"registered":false,"age":0,"balance":0},"6285185618168@s.whatsapp.net":{"registered":false,"age":0,"balance":0},"6281374643327@s.whatsapp.net":{"registered":false,"age":0,"balance":0},"6285739778903@s.whatsapp.net":{"registered":false,"age":0,"balance":0},"6285705461893@s.whatsapp.net":{"registered":true,"age":21,"balance":0},"6285796429934@s.whatsapp.net":{"registered":false,"age":0,"balance":0},"6282148373287@s.whatsapp.net":{"registered":false,"age":0,"balance":0},"6288277378125@s.whatsapp.net":{"registered":false,"age":0,"balance":0},"6285794308415@s.whatsapp.net":{"registered":false,"age":0,"balance":0},"6285184510051@s.whatsapp.net":{"registered":false,"age":0,"balance":0},"6283186653266@s.whatsapp.net":{"registered":false,"age":0,"balance":0},"120363404380774154@newsletter":{"registered":false,"age":0,"balance":0},"6289654982220@s.whatsapp.net":{"registered":false,"age":0,"balance":0},"6283114115881@s.whatsapp.net":{"registered":false,"age":0,"balance":0},"62882015366339@s.whatsapp.net":{"registered":false,"age":0,"balance":0},"6285741852897@s.whatsapp.net":{"registered":false,"age":0,"balance":0},"62881010051443@s.whatsapp.net":{"registered":false,"age":0,"balance":0},"6289685592100@s.whatsapp.net":{"registered":false,"age":0,"balance":0},"6285119787067@s.whatsapp.net":{"registered":false,"age":0,"balance":0},"120363418917350394@newsletter":{"registered":false,"age":0,"balance":0},"6287752799318@s.whatsapp.net":{"registered":false,"age":0,"balance":0},"6282162139992@s.whatsapp.net":{"registered":false,"age":0,"balance":0},"6283844310031@s.whatsapp.net":{"registered":false,"age":0,"balance":0},"6281398598829@s.whatsapp.net":{"registered":false,"age":0,"balance":0},"6283878394096@s.whatsapp.net":{"registered":false,"age":0,"balance":0},"62895360940561@s.whatsapp.net":{"registered":false,"age":0,"balance":0},"6281263929689@s.whatsapp.net":{"registered":false,"age":0,"balance":0},"6283178559234@s.whatsapp.net":{"registered":false,"age":0,"balance":0},"6282320631601@s.whatsapp.net":{"registered":false,"age":0,"balance":0},"6285852238336@s.whatsapp.net":{"registered":false,"age":0,"balance":0},"6281367876900@s.whatsapp.net":{"registered":false,"age":0,"balance":0},"62882005672217@s.whatsapp.net":{"registered":false,"age":0,"balance":0},"6283836684029@s.whatsapp.net":{"registered":false,"age":0,"balance":0},"6287860055430@s.whatsapp.net":{"registered":false,"age":0,"balance":0},"6281938482993@s.whatsapp.net":{"registered":false,"age":0,"balance":0},"6285126085265@s.whatsapp.net":{"registered":false,"age":0,"balance":0},"62895428878117@s.whatsapp.net":{"registered":false,"age":0,"balance":0},"6283863949046@s.whatsapp.net":{"registered":false,"age":0,"balance":0},"6282254582598@s.whatsapp.net":{"registered":false,"age":0,"balance":0},"6289530745774@s.whatsapp.net":{"registered":false,"age":0,"balance":0},"62895402194856@s.whatsapp.net":{"registered":false,"age":0,"balance":0},"6282154160032@s.whatsapp.net":{"registered":false,"age":0,"balance":0},"6283163997257@s.whatsapp.net":{"registered":false,"age":0,"balance":0},"62857106233813@s.whatsapp.net":{"registered":false,"age":0,"balance":0},"6285640389772@s.whatsapp.net":{"registered":false,"age":0,"balance":0},"6287850169391@s.whatsapp.net":{"registered":false,"age":0,"balance":0},"62895326905685@s.whatsapp.net":{"registered":false,"age":0,"balance":0},"6285122405086@s.whatsapp.net":{"registered":false,"age":0,"balance":0},"6288212227608@s.whatsapp.net":{"registered":false,"age":0,"balance":0},"6283194005280@s.whatsapp.net":{"registered":false,"age":0,"balance":0},"6283843020233@s.whatsapp.net":{"registered":false,"age":0,"balance":0},"6282130559126@s.whatsapp.net":{"registered":false,"age":0,"balance":0},"62881023858602@s.whatsapp.net":{"registered":false,"age":0,"balance":0},"6285762068436@s.whatsapp.net":{"registered":false,"age":0,"balance":0},"6282162583931@s.whatsapp.net":{"registered":false,"age":0,"balance":0},"6285693144610@s.whatsapp.net":{"registered":false,"age":0,"balance":0},"628812258435@s.whatsapp.net":{"registered":false,"age":0,"balance":0},"6281265880889@s.whatsapp.net":{"registered":false,"age":0,"balance":0},"6285285413812@s.whatsapp.net":{"registered":false,"age":0,"balance":0},"62881011576430@s.whatsapp.net":{"registered":false,"age":0,"balance":0},"6281274428332@s.whatsapp.net":{"registered":false,"age":0,"balance":0},"6282130815484@s.whatsapp.net":{"registered":false,"age":0,"balance":0},"6283143917284@s.whatsapp.net":{"registered":false,"age":0,"balance":0},"6289520103153@s.whatsapp.net":{"registered":false,"age":0,"balance":0},"6285750251592@s.whatsapp.net":{"registered":false,"age":0,"balance":0},"6281324418306@s.whatsapp.net":{"registered":false,"age":0,"balance":0},"6282156742664@s.whatsapp.net":{"registered":false,"age":0,"balance":0},"6285591229521@s.whatsapp.net":{"registered":false,"age":0,"balance":0},"6287839745368@s.whatsapp.net":{"registered":false,"age":0,"balance":0},"6285956560103@s.whatsapp.net":{"registered":false,"age":0,"balance":0},"6282269369286@s.whatsapp.net":{"registered":false,"age":0,"balance":0},"628134480969@s.whatsapp.net":{"registered":false,"age":0,"balance":0},"6285249864988@s.whatsapp.net":{"registered":false,"age":0,"balance":0},"6285377762364@s.whatsapp.net":{"registered":false,"age":0,"balance":0},"6282267637985@s.whatsapp.net":{"registered":false,"age":0,"balance":0},"62895347840607@s.whatsapp.net":{"registered":false,"age":0,"balance":0},"6283177395779@s.whatsapp.net":{"registered":false,"age":0,"balance":0},"6289654356453@s.whatsapp.net":{"registered":false,"age":0,"balance":0},"6282376025765@s.whatsapp.net":{"registered":false,"age":0,"balance":0},"628972142981@s.whatsapp.net":{"registered":false,"age":0,"balance":0},"60178492347@s.whatsapp.net":{"registered":false,"age":0,"balance":0},"628979550752@s.whatsapp.net":{"registered":false,"age":0,"balance":0},"6283171695068@s.whatsapp.net":{"registered":false,"age":0,"balance":0},"6285285545077@s.whatsapp.net":{"registered":false,"age":0,"balance":0},"628812822450@s.whatsapp.net":{"registered":false,"age":0,"balance":0},"62881027644162@s.whatsapp.net":{"registered":false,"age":0,"balance":0},"601151721922@s.whatsapp.net":{"registered":false,"age":0,"balance":0},"6281256394415@s.whatsapp.net":{"registered":false,"age":0,"balance":0},"6288706581934@s.whatsapp.net":{"registered":false,"age":0,"balance":0},"584163954541@s.whatsapp.net":{"registered":false,"age":0,"balance":0},"6288706484077@s.whatsapp.net":{"registered":false,"age":0,"balance":0},"6285199178762@s.whatsapp.net":{"registered":false,"age":0,"balance":0},"6288999991514@s.whatsapp.net":{"registered":false,"age":0,"balance":0},"6285399784479@s.whatsapp.net":{"registered":false,"age":0,"balance":0},"6285847798194@s.whatsapp.net":{"registered":false,"age":0,"balance":0},"6282174771147@s.whatsapp.net":{"registered":false,"age":0,"balance":0},"6285210736709@s.whatsapp.net":{"registered":false,"age":0,"balance":0},"6282123776236@s.whatsapp.net":{"registered":false,"age":0,"balance":0},"6285240698630@s.whatsapp.net":{"registered":false,"age":0,"balance":0},"6285772117509@s.whatsapp.net":{"registered":false,"age":0,"balance":0},"6288226795012@s.whatsapp.net":{"registered":false,"age":0,"balance":0},"6281337909518@s.whatsapp.net":{"registered":false,"age":0,"balance":0},"62895330715096@s.whatsapp.net":{"registered":false,"age":0,"balance":0},"6285692666591@s.whatsapp.net":{"registered":false,"age":0,"balance":0},"628888539019@s.whatsapp.net":{"registered":false,"age":0,"balance":0},"6283186544701@s.whatsapp.net":{"registered":false,"age":0,"balance":0},"6285250581481@s.whatsapp.net":{"registered":false,"age":0,"balance":0},"6285722376710@s.whatsapp.net":{"registered":false,"age":0,"balance":0},"6283161623131@s.whatsapp.net":{"registered":false,"age":0,"balance":0},"62895402533348@s.whatsapp.net":{"registered":false,"age":0,"balance":0},"62895347878321@s.whatsapp.net":{"registered":false,"age":0,"balance":0},"6281549508075@s.whatsapp.net":{"registered":false,"age":0,"balance":0},"6283142616103@s.whatsapp.net":{"registered":false,"age":0,"balance":0},"6283175190739@s.whatsapp.net":{"registered":false,"age":0,"balance":0},"6282227590901@s.whatsapp.net":{"registered":false,"age":0,"balance":0},"6282185198567@s.whatsapp.net":{"registered":false,"age":0,"balance":0},"6282143519081@s.whatsapp.net":{"registered":false,"age":0,"balance":0},"6288994389706@s.whatsapp.net":{"registered":false,"age":0,"balance":0},"6283113290583@s.whatsapp.net":{"registered":false,"age":0,"balance":0},"6285864283267@s.whatsapp.net":{"registered":false,"age":0,"balance":0},"6285654237081@s.whatsapp.net":{"registered":false,"age":0,"balance":0},"6287763337344@s.whatsapp.net":{"registered":false,"age":0,"balance":0},"6287887380234@s.whatsapp.net":{"registered":false,"age":0,"balance":0},"6289656041166@s.whatsapp.net":{"registered":false,"age":0,"balance":0},"6287793979849@s.whatsapp.net":{"registered":false,"age":0,"balance":0},"6289680595264@s.whatsapp.net":{"registered":false,"age":0,"balance":0},"62895358047196@s.whatsapp.net":{"registered":false,"age":0,"balance":0},"6289676520281@s.whatsapp.net":{"registered":false,"age":0,"balance":0},"62895614463636@s.whatsapp.net":{"registered":false,"age":0,"balance":0},"6287828635077@s.whatsapp.net":{"registered":false,"age":0,"balance":0},"6282298330979@s.whatsapp.net":{"registered":false,"age":0,"balance":0},"6285735409361@s.whatsapp.net":{"registered":false,"age":0,"balance":0},"6283129282018@s.whatsapp.net":{"registered":false,"age":0,"balance":0},"6283151966982@s.whatsapp.net":{"registered":false,"age":0,"balance":0},"6289696321923@s.whatsapp.net":{"registered":false,"age":0,"balance":0},"6282349121939@s.whatsapp.net":{"registered":false,"age":0,"balance":0},"62895324822344@s.whatsapp.net":{"registered":false,"age":0,"balance":0},"6285692497322@s.whatsapp.net":{"registered":false,"age":0,"balance":0},"6285692581308@s.whatsapp.net":{"registered":false,"age":0,"balance":0},"6283146699417@s.whatsapp.net":{"registered":false,"age":0,"balance":0},"62882019137056@s.whatsapp.net":{"registered":false,"age":0,"balance":0},"6287822761803@s.whatsapp.net":{"registered":false,"age":0,"balance":0},"6289512877683@s.whatsapp.net":{"registered":false,"age":0,"balance":0},"6288708737608@s.whatsapp.net":{"registered":false,"age":0,"balance":0},"120363420032316474@newsletter":{"registered":false,"age":0,"balance":0},"6285133018914@s.whatsapp.net":{"registered":false,"age":0,"balance":0},"6281389150315@s.whatsapp.net":{"registered":false,"age":0,"balance":0},"6281214884691@s.whatsapp.net":{"registered":false,"age":0,"balance":0},"6285814728427@s.whatsapp.net":{"registered":false,"age":0,"balance":0},"6281220084152@s.whatsapp.net":{"registered":false,"age":0,"balance":0},"6283131688414@s.whatsapp.net":{"registered":false,"age":0,"balance":0},"6289654733831@s.whatsapp.net":{"registered":false,"age":0,"balance":0},"6285172324311@s.whatsapp.net":{"registered":false,"age":0,"balance":0},"6285793720156@s.whatsapp.net":{"registered":false,"age":0,"balance":0},"628818661491@s.whatsapp.net":{"registered":false,"age":0,"balance":0},"6285770716300@s.whatsapp.net":{"registered":false,"age":0,"balance":0},"6283193012798@s.whatsapp.net":{"registered":false,"age":0,"balance":0},"6285849264667@s.whatsapp.net":{"registered":false,"age":0,"balance":0},"6288272869563@s.whatsapp.net":{"registered":false,"age":0,"balance":0},"6289531401947@s.whatsapp.net":{"registered":false,"age":0,"balance":0},"6285693678260@s.whatsapp.net":{"registered":false,"age":0,"balance":0},"6283176702282@s.whatsapp.net":{"registered":false,"age":0,"balance":0},"6282162671650@s.whatsapp.net":{"registered":false,"age":0,"balance":0},"628881754034@s.whatsapp.net":{"registered":false,"age":0,"balance":0},"62882019953559@s.whatsapp.net":{"registered":false,"age":0,"balance":0},"6287745586897@s.whatsapp.net":{"registered":false,"age":0,"balance":0},"6283848194187@s.whatsapp.net":{"registered":false,"age":0,"balance":0},"6285355601454@s.whatsapp.net":{"registered":false,"age":0,"balance":0},"6285751434273@s.whatsapp.net":{"registered":false,"age":0,"balance":0},"628815650714@s.whatsapp.net":{"registered":false,"age":0,"balance":0},"6282288104941@s.whatsapp.net":{"registered":false,"age":0,"balance":0},"6281379809888@s.whatsapp.net":{"registered":false,"age":0,"balance":0},"6285764308378@s.whatsapp.net":{"registered":false,"age":0,"balance":0},"6283199160401@s.whatsapp.net":{"registered":false,"age":0,"balance":0},"628568822536@s.whatsapp.net":{"registered":false,"age":0,"balance":0},"6288985449248@s.whatsapp.net":{"registered":false,"age":0,"balance":0},"6283186048751@s.whatsapp.net":{"registered":false,"age":0,"balance":0},"6283169441547@s.whatsapp.net":{"registered":false,"age":0,"balance":0},"6283142247412@s.whatsapp.net":{"registered":false,"age":0,"balance":0},"6289509973544@s.whatsapp.net":{"registered":false,"age":0,"balance":0},"6283825520061@s.whatsapp.net":{"registered":false,"age":0,"balance":0},"6288286413011@s.whatsapp.net":{"registered":false,"age":0,"balance":0},"62881012610602@s.whatsapp.net":{"registered":false,"age":0,"balance":0},"62882016942662@s.whatsapp.net":{"registered":false,"age":0,"balance":0},"6287810589890@s.whatsapp.net":{"registered":false,"age":0,"balance":0},"60148740164@s.whatsapp.net":{"registered":false,"age":0,"balance":0},"6285707392549@s.whatsapp.net":{"registered":false,"age":0,"balance":0},"6285187802648@s.whatsapp.net":{"registered":false,"age":0,"balance":0},"6283846731574@s.whatsapp.net":{"registered":false,"age":0,"balance":0},"6289626621500@s.whatsapp.net":{"registered":false,"age":0,"balance":0},"628567434970@s.whatsapp.net":{"registered":false,"age":0,"balance":0},"6289654235837@s.whatsapp.net":{"registered":false,"age":0,"balance":0},"628984636015@s.whatsapp.net":{"registered":true,"age":20,"balance":0},"6285753222760@s.whatsapp.net":{"registered":false,"age":0,"balance":0},"6285782141831@s.whatsapp.net":{"registered":false,"age":0,"balance":0},"6282279850524@s.whatsapp.net":{"registered":false,"age":0,"balance":0},"6282278955755@s.whatsapp.net":{"registered":false,"age":0,"balance":0},"6283141013718@s.whatsapp.net":{"registered":false,"age":0,"balance":0},"6285753550758@s.whatsapp.net":{"registered":false,"age":0,"balance":0},"6289699341372@s.whatsapp.net":{"registered":false,"age":0,"balance":0},"6289520838062@s.whatsapp.net":{"registered":false,"age":0,"balance":0},"120363419556943482@newsletter":{"registered":false,"age":0,"balance":0},"6283878734061@s.whatsapp.net":{"registered":false,"age":0,"balance":0},"6285966564612@s.whatsapp.net":{"registered":false,"age":0,"balance":0},"6285762078787@s.whatsapp.net":{"registered":false,"age":0,"balance":0},"6285199646758@s.whatsapp.net":{"registered":false,"age":0,"balance":0},"62895405148550@s.whatsapp.net":{"registered":false,"age":0,"balance":0},"62882006511030@s.whatsapp.net":{"registered":false,"age":0,"balance":0},"6283168108124@s.whatsapp.net":{"registered":false,"age":0,"balance":0},"6281361245985@s.whatsapp.net":{"registered":false,"age":0,"balance":0},"6287717748505@s.whatsapp.net":{"registered":false,"age":0,"balance":0},"6287757393807@s.whatsapp.net":{"registered":false,"age":0,"balance":0},"628568323752@s.whatsapp.net":{"registered":false,"age":0,"balance":0},"628980591728@s.whatsapp.net":{"registered":false,"age":0,"balance":0},"62882006509739@s.whatsapp.net":{"registered":false,"age":0,"balance":0},"6282142817968@s.whatsapp.net":{"registered":false,"age":0,"balance":0},"6285396822827@s.whatsapp.net":{"registered":false,"age":0,"balance":0},"6281214324954@s.whatsapp.net":{"registered":false,"age":0,"balance":0},"62895345961666@s.whatsapp.net":{"registered":false,"age":0,"balance":0},"6289529874494@s.whatsapp.net":{"registered":false,"age":0,"balance":0},"6282113204802@s.whatsapp.net":{"registered":false,"age":0,"balance":0},"6281414081151@s.whatsapp.net":{"registered":false,"age":0,"balance":0},"6289503706300@s.whatsapp.net":{"registered":false,"age":0,"balance":0},"6285168710639@s.whatsapp.net":{"registered":false,"age":0,"balance":0},"62895329222906@s.whatsapp.net":{"registered":false,"age":0,"balance":0},"6287774875799@s.whatsapp.net":{"registered":false,"age":0,"balance":0},"6281520349697@s.whatsapp.net":{"registered":false,"age":0,"balance":0},"6282352794637@s.whatsapp.net":{"registered":false,"age":0,"balance":0},"2349167163312@s.whatsapp.net":{"registered":false,"age":0,"balance":0},"120363401692030836@newsletter":{"registered":false,"age":0,"balance":0},"628979912268@s.whatsapp.net":{"registered":false,"age":0,"balance":0},"6288275896255@s.whatsapp.net":{"registered":false,"age":0,"balance":0},"62881022771109@s.whatsapp.net":{"registered":false,"age":0,"balance":0},"6281882884286@s.whatsapp.net":{"registered":false,"age":0,"balance":0},"6285168723404@s.whatsapp.net":{"registered":false,"age":0,"balance":0},"6285163105632@s.whatsapp.net":{"registered":false,"age":0,"balance":0},"6282185329921@s.whatsapp.net":{"registered":true,"age":99,"balance":0},"120363402896096706@newsletter":{"registered":false,"age":0,"balance":0},"6282164056914@s.whatsapp.net":{"registered":false,"age":0,"balance":0},"6287895287601@s.whatsapp.net":{"registered":false,"age":0,"balance":0},"6285643946044@s.whatsapp.net":{"registered":false,"age":0,"balance":0},"6285766074041@s.whatsapp.net":{"registered":false,"age":0,"balance":0},"6281572615823@s.whatsapp.net":{"registered":false,"age":0,"balance":0},"6282162061636@s.whatsapp.net":{"registered":false,"age":0,"balance":0},"6282114676587@s.whatsapp.net":{"registered":false,"age":0,"balance":0},"6282164478897@s.whatsapp.net":{"registered":false,"age":0,"balance":0},"6285321161660@s.whatsapp.net":{"registered":true,"age":19,"balance":0},"6283138998881@s.whatsapp.net":{"registered":false,"age":0,"balance":0},"6283850530561@s.whatsapp.net":{"registered":false,"age":0,"balance":0},"6287770836285@s.whatsapp.net":{"registered":false,"age":0,"balance":0},"6281312625518@s.whatsapp.net":{"registered":false,"age":0,"balance":0},"6281356049466@s.whatsapp.net":{"registered":false,"age":0,"balance":0},"6283827888434@s.whatsapp.net":{"registered":false,"age":0,"balance":0},"6287723421863@s.whatsapp.net":{"registered":false,"age":0,"balance":0},"62895326687727@s.whatsapp.net":{"registered":false,"age":0,"balance":0},"6283896405825@s.whatsapp.net":{"registered":false,"age":0,"balance":0},"120363418874255592@newsletter":{"registered":false,"age":0,"balance":0},"6285384567414@s.whatsapp.net":{"registered":true,"age":20,"balance":0},"6282358639290@s.whatsapp.net":{"registered":false,"age":0,"balance":0},"60106604673@s.whatsapp.net":{"registered":false,"age":0,"balance":0},"6283851170354@s.whatsapp.net":{"registered":false,"age":0,"balance":0},"6283175715833@s.whatsapp.net":{"registered":false,"age":0,"balance":0},"6282181676772@s.whatsapp.net":{"registered":false,"age":0,"balance":0},"6285821172508@s.whatsapp.net":{"registered":false,"age":0,"balance":0},"6282391586403@s.whatsapp.net":{"registered":false,"age":0,"balance":0},"6285810527613@s.whatsapp.net":{"registered":false,"age":0,"balance":0},"6285764575927@s.whatsapp.net":{"registered":false,"age":0,"balance":0},"6285767073318@s.whatsapp.net":{"registered":false,"age":0,"balance":0},"6282340024654@s.whatsapp.net":{"registered":false,"age":0,"balance":0},"6289629037423@s.whatsapp.net":{"registered":false,"age":0,"balance":0},"6281917692022@s.whatsapp.net":{"registered":false,"age":0,"balance":0},"6283856525127@s.whatsapp.net":{"registered":false,"age":0,"balance":0},"6285606267362@s.whatsapp.net":{"registered":false,"age":0,"balance":0},"6285523987591@s.whatsapp.net":{"registered":false,"age":0,"balance":0},"6285879119202@s.whatsapp.net":{"registered":false,"age":0,"balance":0},"6287795005035@s.whatsapp.net":{"registered":false,"age":0,"balance":0},"6281617601499@s.whatsapp.net":{"registered":false,"age":0,"balance":0},"6283893163987@s.whatsapp.net":{"registered":false,"age":0,"balance":0},"6283169162655@s.whatsapp.net":{"registered":false,"age":0,"balance":0},"6285126734664@s.whatsapp.net":{"registered":false,"age":0,"balance":0},"6285266815750@s.whatsapp.net":{"registered":false,"age":0,"balance":0},"628984362332@s.whatsapp.net":{"registered":false,"age":0,"balance":0},"6287889219458@s.whatsapp.net":{"registered":false,"age":0,"balance":0},"6283865176814@s.whatsapp.net":{"registered":false,"age":0,"balance":0},"6285274159213@s.whatsapp.net":{"registered":false,"age":0,"balance":0},"6287726252041@s.whatsapp.net":{"registered":false,"age":0,"balance":0},"6285755781008@s.whatsapp.net":{"registered":false,"age":0,"balance":0},"62895381066672@s.whatsapp.net":{"registered":false,"age":0,"balance":0},"6287874354722@s.whatsapp.net":{"registered":false,"age":0,"balance":0},"62895333103998@s.whatsapp.net":{"registered":false,"age":0,"balance":0},"6282184114489@s.whatsapp.net":{"registered":false,"age":0,"balance":0},"6285737672793@s.whatsapp.net":{"registered":false,"age":0,"balance":0},"6287817268436@s.whatsapp.net":{"registered":false,"age":0,"balance":0},"6282352484150@s.whatsapp.net":{"registered":false,"age":0,"balance":0},"6285381695811@s.whatsapp.net":{"registered":false,"age":0,"balance":0},"62895615455615@s.whatsapp.net":{"registered":false,"age":0,"balance":0},"6289518478044@s.whatsapp.net":{"registered":false,"age":0,"balance":0},"6282113488344@s.whatsapp.net":{"registered":false,"age":0,"balance":0},"6285710016307@s.whatsapp.net":{"registered":false,"age":0,"balance":0},"6283117394518@s.whatsapp.net":{"registered":false,"age":0,"balance":0},"639653315641@s.whatsapp.net":{"registered":false,"age":0,"balance":0},"6285787473258@s.whatsapp.net":{"registered":false,"age":0,"balance":0},"6282189937733@s.whatsapp.net":{"registered":false,"age":0,"balance":0},"6283139594117@s.whatsapp.net":{"registered":false,"age":0,"balance":0},"6285831898398@s.whatsapp.net":{"registered":false,"age":0,"balance":0},"6289601303538@s.whatsapp.net":{"registered":false,"age":0,"balance":0},"628812609033@s.whatsapp.net":{"registered":false,"age":0,"balance":0},"6285147368708@s.whatsapp.net":{"registered":false,"age":0,"balance":0},"6283844053001@s.whatsapp.net":{"registered":false,"age":0,"balance":0},"6283153199556@s.whatsapp.net":{"registered":false,"age":0,"balance":0},"628813945561@s.whatsapp.net":{"registered":false,"age":0,"balance":0},"6283148953475@s.whatsapp.net":{"registered":false,"age":0,"balance":0},"62895410792357@s.whatsapp.net":{"registered":false,"age":0,"balance":0},"628985631534@s.whatsapp.net":{"registered":false,"age":0,"balance":0},"6285778299331@s.whatsapp.net":{"registered":false,"age":0,"balance":0},"628133618204@s.whatsapp.net":{"registered":false,"age":0,"balance":0},"6285218552054@s.whatsapp.net":{"registered":false,"age":0,"balance":0},"6288245045973@s.whatsapp.net":{"registered":false,"age":0,"balance":0},"6281234262275@s.whatsapp.net":{"registered":false,"age":0,"balance":0},"628818193389@s.whatsapp.net":{"registered":false,"age":0,"balance":0},"6285646511348@s.whatsapp.net":{"registered":false,"age":0,"balance":0},"6283838039693@s.whatsapp.net":{"registered":false,"age":0,"balance":0},"998994914771@s.whatsapp.net":{"registered":true,"age":10,"balance":0},"120363403979518663@newsletter":{"registered":false,"age":0,"balance":0},"6283172168432@s.whatsapp.net":{"registered":false,"age":0,"balance":0},"6283124680504@s.whatsapp.net":{"registered":false,"age":0,"balance":0},"6283861673662@s.whatsapp.net":{"registered":false,"age":0,"balance":0},"6287821058584@s.whatsapp.net":{"registered":false,"age":0,"balance":0},"6285752163467@s.whatsapp.net":{"registered":false,"age":0,"balance":0},"6281256569611@s.whatsapp.net":{"registered":false,"age":0,"balance":0},"6288269788596@s.whatsapp.net":{"registered":false,"age":0,"balance":0},"6288994571849@s.whatsapp.net":{"registered":false,"age":0,"balance":0},"6288277524253@s.whatsapp.net":{"registered":false,"age":0,"balance":0},"6283827888574@s.whatsapp.net":{"registered":false,"age":0,"balance":0},"62881025041588@s.whatsapp.net":{"registered":false,"age":0,"balance":0},"628563715708@s.whatsapp.net":{"registered":false,"age":0,"balance":0},"6283139447708@s.whatsapp.net":{"registered":false,"age":0,"balance":0},"6283891512778@s.whatsapp.net":{"registered":false,"age":0,"balance":0},"6285852110906@s.whatsapp.net":{"registered":false,"age":0,"balance":0},"6283169477577@s.whatsapp.net":{"registered":false,"age":0,"balance":0},"6283815162122@s.whatsapp.net":{"registered":false,"age":0,"balance":0},"6282148800036@s.whatsapp.net":{"registered":false,"age":0,"balance":0},"120363404311974675@newsletter":{"registered":false,"age":0,"balance":0},"6287718641455@s.whatsapp.net":{"registered":false,"age":0,"balance":0},"6289602735063@s.whatsapp.net":{"registered":false,"age":0,"balance":0},"628892839535@s.whatsapp.net":{"registered":false,"age":0,"balance":0},"6283869995788@s.whatsapp.net":{"registered":false,"age":0,"balance":0},"6285772630184@s.whatsapp.net":{"registered":false,"age":0,"balance":0},"120363422402962981@newsletter":{"registered":false,"age":0,"balance":0},"6288987617971@s.whatsapp.net":{"registered":false,"age":0,"balance":0},"6288272184080@s.whatsapp.net":{"registered":false,"age":0,"balance":0},"6285742605133@s.whatsapp.net":{"registered":false,"age":0,"balance":0},"62895339094190@s.whatsapp.net":{"registered":false,"age":0,"balance":0},"6281313808617@s.whatsapp.net":{"registered":false,"age":0,"balance":0},"6283831701822@s.whatsapp.net":{"registered":false,"age":0,"balance":0},"62882019572285@s.whatsapp.net":{"registered":false,"age":0,"balance":0},"6282278858860@s.whatsapp.net":{"registered":false,"age":0,"balance":0},"6282310195676@s.whatsapp.net":{"registered":false,"age":0,"balance":0},"6288980444313@s.whatsapp.net":{"registered":false,"age":0,"balance":0},"62895384656167@s.whatsapp.net":{"registered":false,"age":0,"balance":0},"6285947375720@s.whatsapp.net":{"registered":false,"age":0,"balance":0},"6285157505508@s.whatsapp.net":{"registered":false,"age":0,"balance":0},"6287825579288@s.whatsapp.net":{"registered":false,"age":0,"balance":0},"6288294585748@s.whatsapp.net":{"registered":false,"age":0,"balance":0},"6285932960395@s.whatsapp.net":{"registered":false,"age":0,"balance":0},"62895400951370@s.whatsapp.net":{"registered":false,"age":0,"balance":0},"6285134269565@s.whatsapp.net":{"registered":false,"age":0,"balance":0},"6283143768958@s.whatsapp.net":{"registered":false,"age":0,"balance":0},"6283897168072@s.whatsapp.net":{"registered":false,"age":0,"balance":0},"6285199403453@s.whatsapp.net":{"registered":false,"age":0,"balance":0},"6289616625133@s.whatsapp.net":{"registered":false,"age":0,"balance":0},"628385577383@s.whatsapp.net":{"registered":false,"age":0,"balance":0},"628984652290@s.whatsapp.net":{"registered":false,"age":0,"balance":0},"6289527437341@s.whatsapp.net":{"registered":false,"age":0,"balance":0},"6287757435191@s.whatsapp.net":{"registered":false,"age":0,"balance":0},"120363403300061860@newsletter":{"registered":false,"age":0,"balance":0},"628818613767@s.whatsapp.net":{"registered":false,"age":0,"balance":0},"6285890397257@s.whatsapp.net":{"registered":false,"age":0,"balance":0},"6287838358649@s.whatsapp.net":{"registered":false,"age":0,"balance":0},"6287849464410@s.whatsapp.net":{"registered":false,"age":0,"balance":0},"62882019910819@s.whatsapp.net":{"registered":false,"age":0,"balance":0},"6285142098611@s.whatsapp.net":{"registered":false,"age":0,"balance":0},"6282122331836@s.whatsapp.net":{"registered":false,"age":0,"balance":0},"6285607643237@s.whatsapp.net":{"registered":false,"age":0,"balance":0},"120363419992386341@newsletter":{"registered":false,"age":0,"balance":0},"6289517617973@s.whatsapp.net":{"registered":false,"age":0,"balance":0},"6287817191667@s.whatsapp.net":{"registered":false,"age":0,"balance":0},"6283892356256@s.whatsapp.net":{"registered":false,"age":0,"balance":0},"6282312817292@s.whatsapp.net":{"registered":false,"age":0,"balance":0},"6288983160024@s.whatsapp.net":{"registered":false,"age":0,"balance":0},"6282223304862@s.whatsapp.net":{"registered":false,"age":0,"balance":0},"6281933198167@s.whatsapp.net":{"registered":false,"age":0,"balance":0},"628871788961@s.whatsapp.net":{"registered":false,"age":0,"balance":0},"6285952816207@s.whatsapp.net":{"registered":false,"age":0,"balance":0},"6283141829414@s.whatsapp.net":{"registered":false,"age":0,"balance":0},"60198239141@s.whatsapp.net":{"registered":false,"age":0,"balance":0},"628979852021@s.whatsapp.net":{"registered":false,"age":0,"balance":0},"6283830472251@s.whatsapp.net":{"registered":false,"age":0,"balance":0},"6283845116290@s.whatsapp.net":{"registered":false,"age":0,"balance":0},"6289691950330@s.whatsapp.net":{"registered":false,"age":0,"balance":0},"62882022617214@s.whatsapp.net":{"registered":false,"age":0,"balance":0},"6285274325440@s.whatsapp.net":{"registered":false,"age":0,"balance":0},"62895351162766@s.whatsapp.net":{"registered":false,"age":0,"balance":0},"628980614594@s.whatsapp.net":{"registered":false,"age":0,"balance":0},"6283177668393@s.whatsapp.net":{"registered":false,"age":0,"balance":0},"134244152119427@lid":{"registered":false,"age":0,"balance":0},"62882022532129@s.whatsapp.net":{"registered":false,"age":0,"balance":0},"6283191904272@s.whatsapp.net":{"registered":false,"age":0,"balance":0},"6282110084687@s.whatsapp.net":{"registered":false,"age":0,"balance":0},"62895402948410@s.whatsapp.net":{"registered":false,"age":0,"balance":0},"6288291657954@s.whatsapp.net":{"registered":false,"age":0,"balance":0},"62881036302336@s.whatsapp.net":{"registered":false,"age":0,"balance":0},"6283804459039@s.whatsapp.net":{"registered":false,"age":0,"balance":0},"6283176611946@s.whatsapp.net":{"registered":false,"age":0,"balance":0},"6283899697775@s.whatsapp.net":{"registered":false,"age":0,"balance":0},"6287786876974@s.whatsapp.net":{"registered":false,"age":0,"balance":0},"62882001726361@s.whatsapp.net":{"registered":false,"age":0,"balance":0},"6283186281453@s.whatsapp.net":{"registered":false,"age":0,"balance":0},"6287839601422@s.whatsapp.net":{"registered":false,"age":0,"balance":0},"6285357299263@s.whatsapp.net":{"registered":false,"age":0,"balance":0},"6283160602348@s.whatsapp.net":{"registered":false,"age":0,"balance":0},"6282186589160@s.whatsapp.net":{"registered":false,"age":0,"balance":0},"6282281544152@s.whatsapp.net":{"registered":false,"age":0,"balance":0},"6283871735287@s.whatsapp.net":{"registered":false,"age":0,"balance":0},"6283839702900@s.whatsapp.net":{"registered":false,"age":0,"balance":0},"6282171902778@s.whatsapp.net":{"registered":false,"age":0,"balance":0},"6283189601955@s.whatsapp.net":{"registered":false,"age":0,"balance":0},"62882001945415@s.whatsapp.net":{"registered":false,"age":0,"balance":0},"6285875386966@s.whatsapp.net":{"registered":false,"age":0,"balance":0},"6285143685865@s.whatsapp.net":{"registered":false,"age":0,"balance":0},"6283895826058@s.whatsapp.net":{"registered":false,"age":0,"balance":0},"6281230144216@s.whatsapp.net":{"registered":false,"age":0,"balance":0},"628811904951@s.whatsapp.net":{"registered":false,"age":0,"balance":0},"62895322995487@s.whatsapp.net":{"registered":false,"age":0,"balance":0},"6285813260957@s.whatsapp.net":{"registered":false,"age":0,"balance":0},"6285167987443@s.whatsapp.net":{"registered":false,"age":0,"balance":0},"6285920628083@s.whatsapp.net":{"registered":false,"age":0,"balance":0},"6285122618445@s.whatsapp.net":{"registered":false,"age":0,"balance":0},"6283119817946@s.whatsapp.net":{"registered":false,"age":0,"balance":0},"6282342056080@s.whatsapp.net":{"registered":false,"age":0,"balance":0},"6281298234514@s.whatsapp.net":{"registered":false,"age":0,"balance":0},"62895364539816@s.whatsapp.net":{"registered":false,"age":0,"balance":0},"6285960594352@s.whatsapp.net":{"registered":false,"age":0,"balance":0},"6285147428284@s.whatsapp.net":{"registered":false,"age":0,"balance":0},"6283146802329@s.whatsapp.net":{"registered":false,"age":0,"balance":0},"6289526982323@s.whatsapp.net":{"registered":false,"age":0,"balance":0},"6283146495595@s.whatsapp.net":{"registered":false,"age":0,"balance":0},"6282172176127@s.whatsapp.net":{"registered":false,"age":0,"balance":0},"120363419641784011@newsletter":{"registered":false,"age":0,"balance":0},"6285194689156@s.whatsapp.net":{"registered":false,"age":0,"balance":0},"628811887376@s.whatsapp.net":{"registered":false,"age":0,"balance":0},"6281529500294@s.whatsapp.net":{"registered":false,"age":0,"balance":0},"120363419926888578@newsletter":{"registered":false,"age":0,"balance":0},"120363404341348501@newsletter":{"registered":false,"age":0,"balance":0},"6285932201634@s.whatsapp.net":{"registered":true,"age":16,"balance":0},"6287862970972@s.whatsapp.net":{"registered":true,"age":14,"balance":0},"120363420968619786@newsletter":{"registered":false,"age":0,"balance":0},"120363403483742914@newsletter":{"registered":false,"age":0,"balance":0},"6287736050486@s.whatsapp.net":{"registered":false,"age":0,"balance":0},"6281263405745@s.whatsapp.net":{"registered":false,"age":0,"balance":0},"120363417345855861@newsletter":{"registered":false,"age":0,"balance":0},"6287745658614@s.whatsapp.net":{"registered":false,"age":0,"balance":0},"120363404899390840@newsletter":{"registered":false,"age":0,"balance":0},"120363422931882501@newsletter":{"registered":false,"age":0,"balance":0},"120363418173947905@newsletter":{"registered":false,"age":0,"balance":0},"6287838269578@s.whatsapp.net":{"registered":false,"age":0,"balance":0},"6283846766059@s.whatsapp.net":{"registered":false,"age":0,"balance":0},"120363420447176331@newsletter":{"registered":false,"age":0,"balance":0},"6288289943606@s.whatsapp.net":{"registered":false,"age":0,"balance":0},"6285731206733@s.whatsapp.net":{"registered":false,"age":0,"balance":0},"6285701902039@s.whatsapp.net":{"registered":false,"age":0,"balance":0},"120363404828159788@newsletter":{"registered":false,"age":0,"balance":0},"120363404897541525@newsletter":{"registered":false,"age":0,"balance":0},"120363402957670481@newsletter":{"registered":false,"age":0,"balance":0},"120363418648384818@newsletter":{"registered":false,"age":0,"balance":0},"120363400661560452@newsletter":{"registered":false,"age":0,"balance":0},"6285750924866@s.whatsapp.net":{"registered":false,"age":0,"balance":0},"6287848501660@s.whatsapp.net":{"registered":false,"age":0,"balance":0},"120363404220834011@newsletter":{"registered":false,"age":0,"balance":0},"120363403796819206@newsletter":{"registered":false,"age":0,"balance":0},"120363402894908656@newsletter":{"registered":false,"age":0,"balance":0},"120363399256721912@newsletter":{"registered":false,"age":0,"balance":0},"120363400815487887@newsletter":{"registered":false,"age":0,"balance":0},"6283822827451@s.whatsapp.net":{"registered":false,"age":0,"balance":0},"6285394048181@s.whatsapp.net":{"registered":false,"age":0,"balance":0},"6282241360392@s.whatsapp.net":{"registered":false,"age":0,"balance":0},"6287789734781@s.whatsapp.net":{"registered":false,"age":0,"balance":0},"6287881421794@s.whatsapp.net":{"registered":false,"age":0,"balance":0},"6281910516134@s.whatsapp.net":{"registered":false,"age":0,"balance":0},"120363420084427755@newsletter":{"registered":false,"age":0,"balance":0},"120363420703041597@newsletter":{"registered":false,"age":0,"balance":0},"120363424073434170@newsletter":{"registered":false,"age":0,"balance":0},"120363422237890628@newsletter":{"registered":false,"age":0,"balance":0},"120363420942253397@newsletter":{"registered":false,"age":0,"balance":0},"6287760473871@s.whatsapp.net":{"registered":false,"age":0,"balance":0},"6285706541651@s.whatsapp.net":{"registered":false,"age":0,"balance":0},"120363402241257467@newsletter":{"registered":false,"age":0,"balance":0},"120363420193146385@newsletter":{"registered":false,"age":0,"balance":0},"120363402869710306@newsletter":{"registered":false,"age":0,"balance":0},"6282195972629@s.whatsapp.net":{"registered":false,"age":0,"balance":0},"6283896737333@s.whatsapp.net":{"registered":false,"age":0,"balance":0},"6281522738596@s.whatsapp.net":{"registered":false,"age":0,"balance":0},"6287734901560@s.whatsapp.net":{"registered":false,"age":0,"balance":0},"120363420970290820@newsletter":{"registered":false,"age":0,"balance":0},"6285974356247@s.whatsapp.net":{"registered":false,"age":0,"balance":0},"120363422127342627@newsletter":{"registered":false,"age":0,"balance":0},"120363422319775588@newsletter":{"registered":false,"age":0,"balance":0},"120363369090129502@newsletter":{"registered":false,"age":0,"balance":0},"6282269309581@s.whatsapp.net":{"registered":false,"age":0,"balance":0},"6282254648113@s.whatsapp.net":{"registered":false,"age":0,"balance":0},"6289519333522@s.whatsapp.net":{"registered":false,"age":0,"balance":0},"6281316399710@s.whatsapp.net":{"registered":false,"age":0,"balance":0},"6287845032372@s.whatsapp.net":{"registered":false,"age":0,"balance":0},"120363400894614613@newsletter":{"registered":false,"age":0,"balance":0},"120363399900967823@newsletter":{"registered":false,"age":0,"balance":0},"6282254661955@s.whatsapp.net":{"registered":false,"age":0,"balance":0},"6281374955605@s.whatsapp.net":{"registered":false,"age":0,"balance":0},"6285710180430@s.whatsapp.net":{"registered":false,"age":0,"balance":0},"6282189252143@s.whatsapp.net":{"registered":false,"age":0,"balance":0},"6289659361422@s.whatsapp.net":{"registered":false,"age":0,"balance":0},"6288287540347@s.whatsapp.net":{"registered":false,"age":0,"balance":0},"6283872538275@s.whatsapp.net":{"registered":false,"age":0,"balance":0},"6281943607219@s.whatsapp.net":{"registered":false,"age":0,"balance":0},"6288804142574@s.whatsapp.net":{"registered":false,"age":0,"balance":0},"6281549278959@s.whatsapp.net":{"registered":false,"age":0,"balance":0},"62895404291794@s.whatsapp.net":{"registered":false,"age":0,"balance":0},"6283151163998@s.whatsapp.net":{"registered":false,"age":0,"balance":0},"6281228533346@s.whatsapp.net":{"registered":false,"age":0,"balance":0},"6287748440689@s.whatsapp.net":{"registered":false,"age":0,"balance":0},"6288276384420@s.whatsapp.net":{"registered":false,"age":0,"balance":0},"6281515451392@s.whatsapp.net":{"registered":false,"age":0,"balance":0},"6285700753783@s.whatsapp.net":{"registered":false,"age":0,"balance":0},"6283111490922@s.whatsapp.net":{"registered":false,"age":0,"balance":0},"6281573311764@s.whatsapp.net":{"registered":false,"age":0,"balance":0},"212649454105@s.whatsapp.net":{"registered":false,"age":0,"balance":0},"6283190012644@s.whatsapp.net":{"registered":false,"age":0,"balance":0},"6282143092146@s.whatsapp.net":{"registered":false,"age":0,"balance":0},"6283844989422@s.whatsapp.net":{"registered":false,"age":0,"balance":0},"60128679588@s.whatsapp.net":{"registered":false,"age":0,"balance":0},"6283190428039@s.whatsapp.net":{"registered":false,"age":0,"balance":0},"6283871362432@s.whatsapp.net":{"registered":false,"age":0,"balance":0},"6281947068640@s.whatsapp.net":{"registered":false,"age":0,"balance":0},"6281459091804@s.whatsapp.net":{"registered":false,"age":0,"balance":0},"601174847556@s.whatsapp.net":{"registered":false,"age":0,"balance":0},"6283125050204@s.whatsapp.net":{"registered":false,"age":0,"balance":0},"6288994491348@s.whatsapp.net":{"registered":false,"age":0,"balance":0},"6287711459910@s.whatsapp.net":{"registered":false,"age":0,"balance":0},"6285659724299@s.whatsapp.net":{"registered":false,"age":0,"balance":0},"62895405745337@s.whatsapp.net":{"registered":false,"age":0,"balance":0},"6283821990274@s.whatsapp.net":{"registered":false,"age":0,"balance":0},"601172207580@s.whatsapp.net":{"registered":false,"age":0,"balance":0},"628133006493@s.whatsapp.net":{"registered":false,"age":0,"balance":0},"628971365384@s.whatsapp.net":{"registered":false,"age":0,"balance":0},"6283824141619@s.whatsapp.net":{"registered":false,"age":0,"balance":0},"6287711089174@s.whatsapp.net":{"registered":false,"age":0,"balance":0},"62882019562043@s.whatsapp.net":{"registered":false,"age":0,"balance":0},"6285147003466@s.whatsapp.net":{"registered":false,"age":0,"balance":0},"6287812871210@s.whatsapp.net":{"registered":false,"age":0,"balance":0},"6285714516552@s.whatsapp.net":{"registered":false,"age":0,"balance":0},"62895370103102@s.whatsapp.net":{"registered":false,"age":0,"balance":0},"120363417881324333@newsletter":{"registered":false,"age":0,"balance":0},"6283899737438@s.whatsapp.net":{"registered":false,"age":0,"balance":0},"120363419312183941@newsletter":{"registered":false,"age":0,"balance":0},"6282171516641@s.whatsapp.net":{"registered":false,"age":0,"balance":0},"120363423088221760@newsletter":{"registered":false,"age":0,"balance":0},"62882019895381@s.whatsapp.net":{"registered":false,"age":0,"balance":0},"120363421900143079@newsletter":{"registered":false,"age":0,"balance":0},"6285252722850@s.whatsapp.net":{"registered":false,"age":0,"balance":0},"120363418607325421@newsletter":{"registered":false,"age":0,"balance":0},"601114310466@s.whatsapp.net":{"registered":false,"age":0,"balance":0},"6285791368765@s.whatsapp.net":{"registered":false,"age":0,"balance":0},"6283848603512@s.whatsapp.net":{"registered":true,"age":19,"balance":0},"120363401518556737@newsletter":{"registered":false,"age":0,"balance":0},"120363422345158432@newsletter":{"registered":false,"age":0,"balance":0},"120363402966718572@newsletter":{"registered":false,"age":0,"balance":0},"120363421771028439@newsletter":{"registered":false,"age":0,"balance":0}}